block_request_id,task_id,asset_id,corridor_id,block_window_id,block_date,start_min,end_min,duration_min,predicted_priority,priority_category,department,possession_required,candidate_id,train_conflicts,total_conflict_duration_min,forecast_date,forecast_goods_trains,peak_period,confidence_pct,recommended_start,recommended_end,available_duration_min,optimized_utilization_pct,historical_conflict_count,historical_utilization_pct,historical_duration_min,historical_planning_method,historical_status,conflict_change,utilization_change_pct_points
BR000025,TMS000028,AST001133,C00076,COA001405,2025-06-02,1146,1256,110,59.352386474609375,Medium,Engineering,Yes,8,0,0.0,,0.0,,0.0,19:06,20:56,170,64.71,1.0,50.0,110.0,Manual,Completed,-1.0,14.709999999999994
BR000044,TMS000055,AST004019,C00066,COA000597,2025-06-25,68,101,33,26.74348258972168,Low,Engineering,Yes,11,0,0.0,2025-06-25,2.0,Normal,89.0,01:08,01:41,142,23.24,2.0,80.0,33.0,Manual,Completed,-2.0,-56.760000000000005
BR000051,TMS000065,AST000013,C00001,COA001199,2025-06-02,803,866,63,77.89313507080078,High,Engineering,Yes,13,0,0.0,,0.0,,0.0,13:23,14:26,82,76.83,3.0,69.0,63.0,Manual,Completed,-3.0,7.829999999999998
BR000062,TMS000076,AST002317,C00046,COA000796,2025-06-15,359,478,119,54.495582580566406,Medium,Engineering,Yes,16,0,0.0,2025-06-15,4.0,Normal,73.0,05:59,07:58,149,79.87,2.0,70.0,119.0,Manual,Completed,-2.0,9.870000000000005
BR000070,TMS000086,AST000036,C00017,COA000826,2025-06-20,186,239,53,74.3526382446289,High,Engineering,No,17,0,0.0,,0.0,,0.0,03:06,03:59,77,68.83,1.0,85.0,53.0,Manual,Completed,-1.0,-16.17
BR000081,TMS000098,AST003042,C00006,COA001192,2025-06-01,40,74,34,37.731422424316406,Low,Engineering,No,18,0,0.0,2025-06-01,3.0,Normal,93.0,00:40,01:14,82,41.46,4.0,67.0,34.0,Manual,Completed,-4.0,-25.54
BR000110,TMS000132,AST003824,C00008,COA001474,2025-06-10,1141,1214,73,27.067981719970703,Low,Engineering,Yes,26,0,0.0,,0.0,,0.0,19:01,20:14,143,51.05,1.0,48.0,73.0,Manual,Completed,-1.0,3.049999999999997
BR000132,TMS000162,AST001332,C00013,COA001108,2025-06-15,36,158,122,24.421567916870117,Low,Engineering,No,30,0,0.0,2025-06-15,2.0,Off-Peak,93.0,00:36,02:38,130,93.85,0.0,61.0,122.0,Manual,Completed,0.0,32.849999999999994
BR000141,TMS000172,AST002249,C00053,COA001336,2025-06-11,86,158,72,48.97134780883789,Medium,Engineering,Yes,38,0,0.0,2025-06-11,4.0,Off-Peak,94.0,01:26,02:38,138,52.17,1.0,72.0,72.0,Manual,Completed,-1.0,-19.83
BR000172,TMS000210,AST000269,C00003,COA001023,2025-06-06,41,176,135,52.04310989379883,Medium,Engineering,Yes,43,0,0.0,2025-06-06,4.0,Normal,93.0,00:41,02:56,156,86.54,3.0,61.0,135.0,Manual,Completed,-3.0,25.540000000000006
BR000194,TMS000242,AST001537,C00040,COA000102,2025-06-22,997,1101,104,48.13828659057617,Medium,Engineering,Yes,49,0,0.0,,0.0,,0.0,16:37,18:21,124,83.87,1.0,69.0,104.0,Manual,Completed,-1.0,14.870000000000005
BR000221,TMS000273,AST004477,C00052,COA000126,2025-06-16,75,144,69,63.24244689941406,High,Engineering,Yes,56,0,0.0,2025-06-16,2.0,Normal,92.0,01:15,02:24,118,58.47,2.0,79.0,69.0,Manual,Completed,-2.0,-20.53
BR000223,TMS000275,AST001732,C00049,COA001043,2025-06-25,20,54,34,32.53102493286133,Low,Engineering,Yes,63,0,0.0,2025-06-25,3.0,Normal,87.0,00:20,00:54,163,20.86,3.0,74.0,34.0,Manual,Completed,-3.0,-53.14
BR000227,TMS000279,AST002253,C00034,COA000039,2025-06-11,40,87,47,29.0541934967041,Low,Engineering,Yes,65,0,0.0,2025-06-11,4.0,Normal,82.0,00:40,01:27,64,73.44,1.0,61.0,47.0,Manual,Completed,-1.0,12.439999999999998
BR000249,TMS000306,AST001532,C00002,COA000347,2025-06-26,72,120,48,52.46213150024414,Medium,Engineering,Yes,69,0,0.0,,0.0,,0.0,01:12,02:00,94,51.06,3.0,47.0,48.0,Manual,Completed,-3.0,4.060000000000002
BR000259,TMS000319,AST004348,C00039,COA000175,2025-06-14,366,470,104,35.69047164916992,Low,Engineering,Yes,71,0,0.0,2025-06-14,4.0,Normal,73.0,06:06,07:50,163,63.8,5.0,61.0,104.0,Manual,Completed,-5.0,2.799999999999997
BR000335,TMS000422,AST004554,C00078,COA000293,2025-06-05,208,284,76,29.119583129882812,Low,Engineering,Yes,91,0,0.0,2025-06-05,3.0,Normal,77.0,03:28,04:44,128,59.38,1.0,46.0,76.0,Manual,Completed,-1.0,13.380000000000003
BR000336,TMS000423,AST003516,C00055,COA001100,2025-06-28,192,241,49,36.672454833984375,Low,Engineering,Yes,94,0,0.0,,0.0,,0.0,03:12,04:01,73,67.12,2.0,66.0,49.0,Manual,Completed,-2.0,1.1200000000000045
BR000372,TMS000470,AST002160,C00018,COA000484,2025-06-23,815,925,110,53.39499282836914,Medium,Engineering,Yes,101,0,0.0,2025-06-23,5.0,Normal,82.0,13:35,15:25,123,89.43,1.0,76.0,110.0,Manual,Completed,-1.0,13.430000000000007
BR000407,TMS000513,AST000799,C00006,COA000103,2025-06-23,561,644,83,66.24956512451172,High,Engineering,Yes,106,0,0.0,2025-06-23,1.0,Normal,88.0,09:21,10:44,85,97.65,2.0,55.0,83.0,Manual,Completed,-2.0,42.650000000000006
BR000455,TMS000574,AST000917,C00013,COA000275,2025-06-10,1126,1256,130,47.91828918457031,Medium,Engineering,Yes,116,0,0.0,2025-06-10,4.0,Peak,85.0,18:46,20:56,174,74.71,2.0,63.0,130.0,Manual,Completed,-2.0,11.709999999999994
BR000531,TMS000673,AST003211,C00003,COA000948,2025-06-23,132,287,155,67.15543365478516,High,Engineering,Yes,133,0,0.0,,0.0,,0.0,02:12,04:47,155,100.0,2.0,52.0,155.0,Manual,Completed,-2.0,48.0
BR000619,TMS000797,AST004551,C00002,COA000596,2025-06-22,546,642,96,36.27513122558594,Low,Engineering,Yes,141,0,0.0,,0.0,,0.0,09:06,10:42,110,87.27,3.0,84.0,96.0,Manual,Completed,-3.0,3.269999999999996
BR000628,TMS000809,AST000950,C00006,COA000586,2025-06-23,993,1120,127,84.33378601074219,Critical,Engineering,Yes,142,1,21.0,2025-06-23,1.0,Normal,88.0,16:33,18:40,173,73.41,4.0,50.0,127.0,Manual,Completed,-3.0,23.409999999999997
BR000639,TMS000824,AST002230,C00099,COA000614,2025-06-04,604,676,72,53.29069519042969,Medium,Engineering,No,154,0,0.0,2025-06-04,5.0,Off-Peak,70.0,10:04,11:16,83,86.75,1.0,72.0,72.0,Manual,Completed,-1.0,14.75
BR000642,TMS000828,AST004301,C00017,COA000379,2025-06-04,1086,1147,61,39.71046829223633,Low,Engineering,Yes,155,0,0.0,2025-06-04,6.0,Off-Peak,87.0,18:06,19:07,134,45.52,2.0,70.0,61.0,Manual,Completed,-2.0,-24.479999999999997
BR000673,TMS000862,AST004121,C00094,COA001471,2025-06-27,305,343,38,34.734703063964844,Low,Engineering,Yes,156,0,0.0,,0.0,,0.0,05:05,05:43,87,43.68,1.0,56.0,38.0,Manual,Completed,-1.0,-12.32
BR000804,TMS001043,AST003413,C00004,COA000764,2025-06-19,492,641,149,50.48440170288086,Medium,Engineering,Yes,175,0,0.0,,0.0,,0.0,08:12,10:41,176,84.66,0.0,50.0,149.0,Manual,Completed,0.0,34.66
BR000807,TMS001047,AST000257,C00041,COA000939,2025-06-05,432,587,155,50.37519454956055,Medium,Engineering,Yes,176,0,0.0,,0.0,,0.0,07:12,09:47,165,93.94,1.0,79.0,155.0,Manual,Completed,-1.0,14.939999999999998
BR000814,TMS001059,AST005247,C00077,COA000650,2025-06-26,399,454,55,70.0226058959961,High,Engineering,Yes,178,0,0.0,2025-06-26,9.0,Normal,90.0,06:39,07:34,89,61.8,0.0,81.0,55.0,Manual,Completed,0.0,-19.200000000000003
BR000911,TMS001185,AST003195,C00050,COA001037,2025-06-16,893,939,46,30.02313804626465,Low,Engineering,Yes,189,0,0.0,2025-06-16,6.0,Normal,79.0,14:53,15:39,48,95.83,3.0,53.0,46.0,Manual,Completed,-3.0,42.83
BR000912,TMS001187,AST000019,C00100,COA000087,2025-06-28,80,158,78,53.65614318847656,Medium,Engineering,Yes,190,0,0.0,,0.0,,0.0,01:20,02:38,87,89.66,5.0,62.0,78.0,Manual,Completed,-5.0,27.659999999999997
BR000924,TMS001204,AST001111,C00082,COA000623,2025-06-21,965,1014,49,37.83534622192383,Low,Engineering,Yes,193,0,0.0,,0.0,,0.0,16:05,16:54,94,52.13,1.0,62.0,49.0,Manual,Completed,-1.0,-9.869999999999997
BR000939,TMS001224,AST000342,C00031,COA000897,2025-06-16,38,194,156,34.760005950927734,Low,Engineering,Yes,198,0,0.0,2025-06-16,2.0,Normal,91.0,00:38,03:14,176,88.64,1.0,68.0,156.0,Manual,Completed,-1.0,20.64
BR000943,TMS001228,AST004592,C00043,COA000027,2025-06-18,3,145,142,41.95737838745117,Medium,Engineering,Yes,199,0,0.0,,0.0,,0.0,00:03,02:25,152,93.42,3.0,60.0,142.0,Manual,Completed,-3.0,33.42
BR001020,TMS001323,AST004078,C00097,COA000216,2025-06-20,475,630,155,29.898649215698242,Low,Engineering,Yes,219,0,0.0,2025-06-20,4.0,Normal,83.0,07:55,10:30,160,96.88,1.0,69.0,155.0,Manual,Completed,-1.0,27.879999999999995
BR001043,TMS001354,AST003520,C00046,COA001429,2025-06-05,327,416,89,44.75938415527344,Medium,Engineering,Yes,223,0,0.0,,0.0,,0.0,05:27,06:56,94,94.68,2.0,64.0,89.0,Manual,Completed,-2.0,30.680000000000007
BR001068,TMS001381,AST000086,C00042,COA001128,2025-06-08,863,984,121,50.189666748046875,Medium,Engineering,Yes,226,0,0.0,,0.0,,0.0,14:23,16:24,134,90.3,2.0,69.0,121.0,Manual,Completed,-2.0,21.299999999999997
BR001077,TMS001393,AST003583,C00030,COA000218,2025-06-06,393,515,122,47.58542251586914,Medium,Engineering,Yes,230,0,0.0,2025-06-06,7.0,Normal,78.0,06:33,08:35,137,89.05,3.0,70.0,122.0,Manual,Completed,-3.0,19.049999999999997
BR001168,TMS001524,AST001009,C00077,COA001259,2025-06-09,305,371,66,43.06232452392578,Medium,Engineering,No,242,0,0.0,2025-06-09,3.0,Off-Peak,90.0,05:05,06:11,91,72.53,1.0,69.0,66.0,Manual,Completed,-1.0,3.530000000000001
BR001249,TMS001627,AST001555,C00035,COA000635,2025-06-02,911,1024,113,33.792537689208984,Low,Engineering,Yes,252,0,0.0,2025-06-02,3.0,Normal,80.0,15:11,17:04,146,77.4,2.0,74.0,113.0,Manual,Completed,-2.0,3.4000000000000057
BR001299,TMS001685,AST002951,C00034,COA001223,2025-06-11,696,857,161,17.58233642578125,Low,Engineering,Yes,265,0,0.0,2025-06-11,4.0,Normal,82.0,11:36,14:17,179,89.94,0.0,59.0,161.0,Manual,Completed,0.0,30.939999999999998
BR001347,TMS001744,AST003986,C00001,COA000326,2025-06-22,505,632,127,31.41425895690918,Low,Engineering,Yes,272,0,0.0,2025-06-22,5.0,Normal,85.0,08:25,10:32,171,74.27,1.0,85.0,127.0,Manual,Completed,-1.0,-10.730000000000004
BR001350,TMS001748,AST005115,C00015,COA001123,2025-06-19,905,1012,107,62.82112503051758,High,Engineering,Yes,276,0,0.0,,0.0,,0.0,15:05,16:52,165,64.85,1.0,52.0,107.0,Manual,Completed,-1.0,12.849999999999994
BR001516,TMS001957,AST000343,C00042,COA000788,2025-06-09,627,700,73,27.895862579345703,Low,Engineering,Yes,300,0,0.0,2025-06-09,6.0,Normal,84.0,10:27,11:40,134,54.48,2.0,65.0,73.0,Manual,Completed,-2.0,-10.520000000000003
BR001546,TMS001994,AST001052,C00092,COA000589,2025-06-17,54,113,59,66.90011596679688,High,Engineering,Yes,314,0,0.0,2025-06-17,3.0,Peak,82.0,00:54,01:53,137,43.07,3.0,85.0,59.0,Manual,Completed,-3.0,-41.93
BR001564,TMS002025,AST001818,C00097,COA001295,2025-06-27,411,546,135,59.10942077636719,Medium,Engineering,Yes,318,0,0.0,,0.0,,0.0,06:51,09:06,145,93.1,1.0,81.0,135.0,Manual,Completed,-1.0,12.099999999999994
BR001570,TMS002031,AST000997,C00023,COA000947,2025-06-12,1037,1071,34,31.043508529663086,Low,Engineering,No,322,0,0.0,2025-06-12,5.0,Normal,74.0,17:17,17:51,169,20.12,3.0,55.0,34.0,Manual,Completed,-3.0,-34.879999999999995
BR001588,TMS002053,AST005113,C00035,COA001250,2025-06-19,622,664,42,28.56853675842285,Low,Engineering,Yes,327,0,0.0,,0.0,,0.0,10:22,11:04,102,41.18,1.0,70.0,42.0,Manual,Completed,-1.0,-28.82
BR001644,TMS002124,AST005233,C00026,COA000977,2025-06-28,1039,1110,71,35.898990631103516,Low,Engineering,Yes,338,0,0.0,,0.0,,0.0,17:19,18:30,109,65.14,2.0,47.0,71.0,Manual,Completed,-2.0,18.14
BR001784,TMS002301,AST000452,C00013,COA000620,2025-06-12,378,517,139,71.52735137939453,High,Engineering,Yes,352,0,0.0,2025-06-12,4.0,Off-Peak,95.0,06:18,08:37,139,100.0,2.0,75.0,139.0,Manual,Completed,-2.0,25.0
BR001814,TMS002337,AST001427,C00063,COA000911,2025-06-12,429,476,47,29.5369930267334,Low,Engineering,Yes,356,0,0.0,2025-06-12,12.0,Normal,73.0,07:09,07:56,103,45.63,2.0,85.0,47.0,Manual,Completed,-2.0,-39.37
BR001848,TMS002383,AST005270,C00052,COA000341,2025-06-03,646,678,32,40.626731872558594,Medium,Engineering,Yes,362,0,0.0,,0.0,,0.0,10:46,11:18,83,38.55,1.0,74.0,32.0,Manual,Completed,-1.0,-35.45
BR001970,TMS002537,AST000202,C00023,COA001111,2025-06-08,519,581,62,37.67305374145508,Low,Engineering,No,387,0,0.0,,0.0,,0.0,08:39,09:41,165,37.58,0.0,52.0,62.0,Manual,Completed,0.0,-14.420000000000002
BR001979,TMS002549,AST002998,C00058,COA000043,2025-06-30,1065,1107,42,37.659584045410156,Low,Engineering,No,389,0,0.0,,0.0,,0.0,17:45,18:27,96,43.75,2.0,61.0,42.0,Manual,Completed,-2.0,-17.25
BR001985,TMS002555,AST000013,C00001,COA000785,2025-06-03,1184,1270,86,41.69219970703125,Medium,Engineering,Yes,391,0,0.0,,0.0,,0.0,19:44,21:10,125,68.8,1.0,82.0,86.0,Manual,Completed,-1.0,-13.200000000000003
BR002038,TMS002630,AST001943,C00079,COA000125,2025-06-19,1171,1231,60,18.972074508666992,Low,Engineering,Yes,399,0,0.0,,0.0,,0.0,19:31,20:31,95,63.16,1.0,84.0,60.0,Manual,Completed,-1.0,-20.840000000000003
BR002049,TMS002642,AST000833,C00060,COA000578,2025-06-06,44,152,108,27.841440200805664,Low,Engineering,Yes,400,0,0.0,,0.0,,0.0,00:44,02:32,152,71.05,0.0,56.0,108.0,Manual,Completed,0.0,15.049999999999997
BR002082,TMS002684,AST002933,C00023,COA001201,2025-06-24,564,661,97,40.5394287109375,Medium,Engineering,Yes,405,0,0.0,2025-06-24,5.0,Normal,91.0,09:24,11:01,142,68.31,2.0,63.0,97.0,Manual,Completed,-2.0,5.310000000000002
BR002099,TMS002705,AST002803,C00013,COA000240,2025-06-12,623,701,78,78.09130859375,High,Engineering,Yes,411,0,0.0,2025-06-12,4.0,Off-Peak,95.0,10:23,11:41,79,98.73,1.0,75.0,78.0,Manual,Completed,-1.0,23.730000000000004
BR002137,TMS002761,AST001071,C00058,COA001024,2025-06-02,247,300,53,57.41082000732422,Medium,Engineering,Yes,419,0,0.0,,0.0,,0.0,04:07,05:00,92,57.61,0.0,55.0,53.0,Manual,Completed,0.0,2.6099999999999994
BR002155,TMS002781,AST000091,C00012,COA000475,2025-06-16,758,802,44,24.784048080444336,Low,Engineering,Yes,423,0,0.0,2025-06-16,8.0,Off-Peak,79.0,12:38,13:22,173,25.43,1.0,45.0,44.0,Manual,Completed,-1.0,-19.57
BR002192,TMS002826,AST003510,C00060,COA000838,2025-06-12,330,382,52,54.53652572631836,Medium,Engineering,Yes,438,0,0.0,2025-06-12,5.0,Normal,71.0,05:30,06:22,146,35.62,0.0,84.0,52.0,Manual,Completed,0.0,-48.38
BR002195,TMS002830,AST004532,C00090,COA001489,2025-06-25,646,695,49,31.555673599243164,Low,Engineering,No,442,0,0.0,,0.0,,0.0,10:46,11:35,76,64.47,3.0,67.0,49.0,Manual,Completed,-3.0,-2.530000000000001
BR002216,TMS002857,AST002984,C00008,COA000940,2025-06-28,736,785,49,48.16788101196289,Medium,Engineering,No,445,0,0.0,2025-06-28,6.0,Off-Peak,84.0,12:16,13:05,81,60.49,2.0,51.0,49.0,Manual,Completed,-2.0,9.490000000000002
BR002244,TMS002893,AST003405,C00093,COA000975,2025-06-28,705,753,48,82.43401336669922,Critical,Engineering,Yes,448,0,0.0,,0.0,,0.0,11:45,12:33,77,62.34,2.0,69.0,48.0,Manual,Completed,-2.0,-6.659999999999997
BR002255,TMS002907,AST004129,C00060,COA000634,2025-06-29,385,519,134,63.177677154541016,High,Engineering,Yes,451,0,0.0,,0.0,,0.0,06:25,08:39,174,77.01,2.0,52.0,134.0,Manual,Completed,-2.0,25.010000000000005
BR002276,TMS002937,AST002120,C00051,COA000843,2025-06-19,793,873,80,49.61964416503906,Medium,Engineering,No,455,0,0.0,2025-06-19,1.0,Normal,78.0,13:13,14:33,107,74.77,3.0,45.0,80.0,Manual,Completed,-3.0,29.769999999999996
BR002302,TMS002968,AST000345,C00046,COA000558,2025-06-29,1143,1188,45,36.749366760253906,Low,Engineering,Yes,462,0,0.0,,0.0,,0.0,19:03,19:48,167,26.95,0.0,81.0,45.0,Manual,Completed,0.0,-54.05
BR002309,TMS002975,AST000647,C00060,COA000292,2025-06-16,1045,1171,126,35.433143615722656,Low,Engineering,Yes,472,0,0.0,2025-06-16,2.0,Normal,94.0,17:25,19:31,145,86.9,1.0,85.0,126.0,Manual,Completed,-1.0,1.9000000000000057
BR002409,TMS003097,AST001788,C00066,COA000466,2025-06-11,30,76,46,36.407814025878906,Low,Engineering,No,484,0,0.0,2025-06-11,5.0,Normal,70.0,00:30,01:16,79,58.23,3.0,47.0,46.0,Manual,Completed,-3.0,11.229999999999997
BR002430,TMS003122,AST003013,C00038,COA000737,2025-06-05,915,1040,125,55.59790802001953,Medium,Engineering,Yes,487,0,0.0,2025-06-05,4.0,Peak,83.0,15:15,17:20,168,74.4,2.0,61.0,125.0,Manual,Completed,-2.0,13.400000000000006
BR002468,TMS003168,AST000195,C00013,COA000213,2025-06-09,458,563,105,48.4577751159668,Medium,Engineering,Yes,493,0,0.0,,0.0,,0.0,07:38,09:23,151,69.54,3.0,69.0,105.0,Manual,Completed,-3.0,0.5400000000000063
BR002471,TMS003171,AST000439,C00013,COA001287,2025-06-16,360,458,98,56.40998840332031,Medium,Engineering,Yes,494,0,0.0,2025-06-16,6.0,Normal,78.0,06:00,07:38,154,63.64,4.0,45.0,98.0,Manual,Completed,-4.0,18.64
BR002475,TMS003175,AST003098,C00064,COA001016,2025-06-17,1153,1193,40,39.68883514404297,Low,Engineering,No,495,0,0.0,,0.0,,0.0,19:13,19:53,142,28.17,0.0,84.0,40.0,Manual,Completed,0.0,-55.83
BR002528,TMS003241,AST002141,C00020,COA001323,2025-06-10,741,878,137,40.13140869140625,Medium,Engineering,Yes,500,0,0.0,,0.0,,0.0,12:21,14:38,171,80.12,1.0,47.0,137.0,Manual,Completed,-1.0,33.120000000000005
BR002574,TMS003301,AST000073,C00021,COA000435,2025-06-20,1047,1175,128,27.46466827392578,Low,Engineering,No,510,0,0.0,,0.0,,0.0,17:27,19:35,147,87.07,1.0,81.0,128.0,Manual,Completed,-1.0,6.069999999999993
BR002614,TMS003352,AST002409,C00080,COA001286,2025-06-21,930,1036,106,72.92066955566406,High,Engineering,Yes,522,1,8.0,,0.0,,0.0,15:30,17:16,168,63.1,0.0,60.0,106.0,Manual,Completed,1.0,3.1000000000000014
BR002658,TMS003413,AST004989,C00077,COA000344,2025-06-07,265,309,44,57.190460205078125,Medium,Engineering,Yes,534,0,0.0,2025-06-07,6.0,Off-Peak,85.0,04:25,05:09,177,24.86,1.0,75.0,44.0,Manual,Completed,-1.0,-50.14
BR002703,TMS003472,AST003872,C00062,COA000110,2025-06-05,163,202,39,56.4355354309082,Medium,Engineering,Yes,547,0,0.0,2025-06-05,2.0,Normal,92.0,02:43,03:22,165,23.64,2.0,72.0,39.0,Manual,Completed,-2.0,-48.36
BR002771,TMS003564,AST002459,C00020,COA001169,2025-06-22,464,584,120,40.37401580810547,Medium,Engineering,Yes,554,0,0.0,2025-06-22,7.0,Normal,84.0,07:44,09:44,166,72.29,2.0,52.0,120.0,Manual,Completed,-2.0,20.290000000000006
BR002871,TMS003690,AST003440,C00065,COA000250,2025-06-21,685,784,99,36.62614822387695,Low,Engineering,No,574,0,0.0,,0.0,,0.0,11:25,13:04,173,57.23,1.0,47.0,99.0,Manual,Completed,-1.0,10.229999999999997
BR002912,TMS003739,AST003458,C00065,COA000090,2025-06-15,667,795,128,31.163843154907227,Low,Engineering,Yes,581,0,0.0,2025-06-15,4.0,Normal,75.0,11:07,13:15,141,90.78,1.0,60.0,128.0,Manual,Completed,-1.0,30.78
BR002946,TMS003780,AST004079,C00054,COA000651,2025-06-17,1070,1214,144,37.316837310791016,Low,Engineering,Yes,586,0,0.0,,0.0,,0.0,17:50,20:14,179,80.45,2.0,74.0,144.0,Manual,Completed,-2.0,6.450000000000003
BR002948,TMS003782,AST000513,C00035,COA001014,2025-06-30,924,1032,108,23.867368698120117,Low,Engineering,Yes,588,0,0.0,2025-06-30,4.0,Normal,87.0,15:24,17:12,179,60.34,3.0,75.0,108.0,Manual,Completed,-3.0,-14.659999999999997
BR003002,TMS003858,AST001694,C00009,COA000318,2025-06-03,13,119,106,70.98066711425781,High,Engineering,No,595,0,0.0,,0.0,,0.0,00:13,01:59,144,73.61,1.0,58.0,106.0,Manual,Completed,-1.0,15.61
BR003004,TMS003860,AST003568,C00017,COA000618,2025-06-28,332,385,53,71.34403228759766,High,Engineering,No,596,0,0.0,2025-06-28,4.0,Peak,74.0,05:32,06:25,180,29.44,2.0,79.0,53.0,Manual,Completed,-2.0,-49.56
BR003006,TMS003865,AST003445,C00085,COA000503,2025-06-30,618,681,63,44.965476989746094,Medium,Engineering,Yes,598,0,0.0,,0.0,,0.0,10:18,11:21,67,94.03,1.0,65.0,63.0,Manual,Completed,-1.0,29.03
BR003057,TMS003929,AST003689,C00047,COA001053,2025-06-20,1082,1161,79,55.190147399902344,Medium,Engineering,Yes,608,0,0.0,2025-06-20,9.0,Normal,94.0,18:02,19:21,179,44.13,2.0,73.0,79.0,Manual,Completed,-2.0,-28.869999999999997
BR003088,TMS003965,AST003096,C00037,COA000104,2025-06-10,1059,1204,145,68.30370330810547,High,Engineering,Yes,611,0,0.0,2025-06-10,4.0,Normal,94.0,17:39,20:04,176,82.39,3.0,48.0,145.0,Manual,Completed,-3.0,34.39
BR003093,TMS003970,AST002582,C00001,COA001156,2025-06-12,108,176,68,62.827796936035156,High,Engineering,Yes,612,0,0.0,,0.0,,0.0,01:48,02:56,103,66.02,1.0,77.0,68.0,Manual,Completed,-1.0,-10.980000000000004
BR003131,TMS004020,AST000287,C00014,COA000564,2025-06-18,692,769,77,30.091768264770508,Low,Engineering,Yes,621,0,0.0,2025-06-18,2.0,Peak,92.0,11:32,12:49,82,93.9,2.0,53.0,77.0,Manual,Completed,-2.0,40.900000000000006
BR003204,TMS004118,AST002459,C00020,COA000569,2025-06-19,475,619,144,58.147151947021484,Medium,Engineering,Yes,636,0,0.0,2025-06-19,8.0,Off-Peak,88.0,07:55,10:19,151,95.36,1.0,54.0,144.0,Manual,Completed,-1.0,41.36
BR003249,TMS004182,AST002571,C00060,COA000178,2025-06-25,644,725,81,57.678619384765625,Medium,Engineering,Yes,649,0,0.0,2025-06-25,7.0,Normal,72.0,10:44,12:05,83,97.59,2.0,60.0,81.0,Manual,Completed,-2.0,37.59
BR003273,TMS004212,AST002539,C00024,COA001341,2025-06-27,648,726,78,26.96534538269043,Low,Engineering,Yes,653,0,0.0,2025-06-27,1.0,Off-Peak,82.0,10:48,12:06,80,97.5,0.0,63.0,78.0,Manual,Completed,0.0,34.5
BR003323,TMS004281,AST004749,C00060,COA000099,2025-06-28,1056,1089,33,27.808826446533203,Low,Engineering,Yes,663,0,0.0,2025-06-28,3.0,Normal,90.0,17:36,18:09,47,70.21,1.0,81.0,33.0,Manual,Completed,-1.0,-10.790000000000006
BR003335,TMS004296,AST000970,C00034,COA000763,2025-06-20,1042,1077,35,36.452510833740234,Low,Engineering,Yes,667,0,0.0,,0.0,,0.0,17:22,17:57,39,89.74,1.0,66.0,35.0,Manual,Completed,-1.0,23.739999999999995
BR003407,TMS004381,AST002444,C00057,COA000507,2025-06-30,100,185,85,28.141267776489258,Low,Engineering,No,680,0,0.0,2025-06-30,3.0,Normal,70.0,01:40,03:05,174,48.85,0.0,70.0,85.0,Manual,Completed,0.0,-21.15
BR003408,TMS004382,AST004907,C00073,COA000808,2025-06-16,833,876,43,55.524269104003906,Medium,Engineering,Yes,682,0,0.0,2025-06-16,5.0,Off-Peak,93.0,13:53,14:36,45,95.56,3.0,52.0,43.0,Manual,Completed,-3.0,43.56
BR003409,TMS004383,AST004792,C00050,COA000799,2025-06-25,43,158,115,42.9339599609375,Medium,Engineering,Yes,683,0,0.0,2025-06-25,3.0,Normal,73.0,00:43,02:38,132,87.12,2.0,48.0,115.0,Manual,Completed,-2.0,39.120000000000005
BR003412,TMS004386,AST001905,C00028,COA000505,2025-06-16,665,788,123,44.482051849365234,Medium,Engineering,No,684,0,0.0,,0.0,,0.0,11:05,13:08,168,73.21,3.0,63.0,123.0,Manual,Completed,-3.0,10.209999999999994
BR003423,TMS004398,AST000261,C00069,COA000556,2025-06-30,387,484,97,29.409297943115234,Low,Engineering,Yes,695,0,0.0,2025-06-30,6.0,Normal,94.0,06:27,08:04,179,54.19,2.0,51.0,97.0,Manual,Completed,-2.0,3.1899999999999977
BR003426,TMS004403,AST004680,C00096,COA001240,2025-06-10,482,546,64,30.730571746826172,Low,Engineering,No,700,0,0.0,2025-06-10,3.0,Normal,81.0,08:02,09:06,158,40.51,1.0,50.0,64.0,Manual,Completed,-1.0,-9.490000000000002
BR003499,TMS004496,AST004849,C00033,COA000849,2025-06-29,1178,1229,51,50.64079666137695,Medium,Engineering,Yes,726,0,0.0,2025-06-29,2.0,Off-Peak,86.0,19:38,20:29,70,72.86,1.0,80.0,51.0,Manual,Completed,-1.0,-7.140000000000001
BR003524,TMS004529,AST004933,C00065,COA000031,2025-06-10,546,660,114,40.761417388916016,Medium,Engineering,Yes,727,0,0.0,,0.0,,0.0,09:06,11:00,128,89.06,2.0,45.0,114.0,Manual,Completed,-2.0,44.06
BR003564,TMS004577,AST004349,C00024,COA000432,2025-06-25,749,886,137,72.57096862792969,High,Engineering,Yes,732,0,0.0,2025-06-25,2.0,Normal,94.0,12:29,14:46,141,97.16,2.0,45.0,137.0,Manual,Completed,-2.0,52.16
BR003647,TMS004683,AST005240,C00083,COA000845,2025-06-11,1111,1166,55,39.221702575683594,Low,Engineering,Yes,743,0,0.0,2025-06-11,2.0,Off-Peak,76.0,18:31,19:26,142,38.73,3.0,61.0,55.0,Manual,Completed,-3.0,-22.270000000000003
BR003655,TMS004692,AST002992,C00024,COA001454,2025-06-05,327,380,53,31.881576538085938,Low,Engineering,Yes,747,0,0.0,2025-06-05,2.0,Peak,88.0,05:27,06:20,100,53.0,2.0,61.0,53.0,Manual,Completed,-2.0,-8.0
BR003677,TMS004718,AST000954,C00041,COA001001,2025-06-16,320,385,65,39.081180572509766,Low,Engineering,Yes,750,0,0.0,2025-06-16,4.0,Off-Peak,83.0,05:20,06:25,92,70.65,5.0,83.0,65.0,Manual,Completed,-5.0,-12.349999999999994
BR003688,TMS004731,AST001929,C00057,COA000016,2025-06-12,1180,1302,122,33.408565521240234,Low,Engineering,No,751,0,0.0,,0.0,,0.0,19:40,21:42,146,83.56,1.0,51.0,122.0,Manual,Completed,-1.0,32.56
BR003716,TMS004764,AST000755,C00070,COA000236,2025-06-19,228,289,61,45.47441864013672,Medium,Engineering,Yes,758,0,0.0,2025-06-19,7.0,Normal,87.0,03:48,04:49,63,96.83,2.0,65.0,61.0,Manual,Completed,-2.0,31.83
BR003727,TMS004779,AST005165,C00098,COA000885,2025-06-07,843,938,95,30.14762306213379,Low,Engineering,Yes,764,0,0.0,2025-06-07,5.0,Peak,89.0,14:03,15:38,137,69.34,5.0,63.0,95.0,Manual,Completed,-5.0,6.340000000000003
BR003749,TMS004807,AST001755,C00097,COA001064,2025-06-05,862,1009,147,81.65644073486328,Critical,Engineering,Yes,769,0,0.0,,0.0,,0.0,14:22,16:49,153,96.08,1.0,55.0,147.0,Manual,Completed,-1.0,41.08
BR003803,TMS004871,AST000415,C00100,COA000300,2025-06-01,438,481,43,62.04521179199219,High,Engineering,Yes,777,0,0.0,,0.0,,0.0,07:18,08:01,60,71.67,6.0,65.0,43.0,Manual,Completed,-6.0,6.670000000000002
BR003815,TMS004885,AST002364,C00059,COA001340,2025-06-03,996,1063,67,48.99598693847656,Medium,Engineering,Yes,780,0,0.0,2025-06-03,4.0,Normal,77.0,16:36,17:43,80,83.75,5.0,75.0,67.0,Manual,Completed,-5.0,8.75
BR003902,TMS004993,AST004494,C00013,COA000964,2025-06-12,1020,1125,105,46.800514221191406,Medium,Engineering,Yes,795,0,0.0,2025-06-12,4.0,Off-Peak,95.0,17:00,18:45,106,99.06,2.0,55.0,105.0,Manual,Completed,-2.0,44.06
BR003907,TMS004998,AST002798,C00040,COA000276,2025-06-24,1079,1189,110,58.27979278564453,Medium,Engineering,Yes,796,0,0.0,,0.0,,0.0,17:59,19:49,114,96.49,1.0,56.0,110.0,Manual,Completed,-1.0,40.489999999999995
BR003946,TMS005052,AST005049,C00008,COA000744,2025-06-27,757,826,69,44.57746505737305,Medium,Engineering,Yes,808,0,0.0,2025-06-27,6.0,Peak,92.0,12:37,13:46,131,52.67,2.0,82.0,69.0,Manual,Completed,-2.0,-29.33
BR004006,TMS005132,AST001052,C00092,COA000855,2025-06-18,654,726,72,67.16132354736328,High,Engineering,No,818,0,0.0,,0.0,,0.0,10:54,12:06,81,88.89,2.0,53.0,72.0,Manual,Completed,-2.0,35.89
BR004222,TMS005414,AST000575,C00096,COA001032,2025-06-25,440,606,166,28.95178985595703,Low,Engineering,Yes,848,0,0.0,2025-06-25,4.0,Normal,75.0,07:20,10:06,169,98.22,2.0,46.0,166.0,Manual,Completed,-2.0,52.22
BR004236,TMS005434,AST000607,C00066,COA000328,2025-06-16,227,276,49,28.93509864807129,Low,Engineering,No,855,0,0.0,,0.0,,0.0,03:47,04:36,67,73.13,3.0,76.0,49.0,Manual,Completed,-3.0,-2.8700000000000045
BR004373,TMS005599,AST000714,C00014,COA000734,2025-06-08,348,412,64,54.423580169677734,Medium,Engineering,Yes,876,0,0.0,,0.0,,0.0,05:48,06:52,170,37.65,2.0,59.0,64.0,Manual,Completed,-2.0,-21.35
BR004380,TMS005609,AST003942,C00033,COA000529,2025-06-05,20,119,99,63.50034713745117,High,Engineering,Yes,880,0,0.0,2025-06-05,5.0,Off-Peak,92.0,00:20,01:59,162,61.11,1.0,68.0,99.0,Manual,Completed,-1.0,-6.890000000000001
BR004385,TMS005616,AST004809,C00041,COA000116,2025-06-22,139,193,54,57.94357681274414,Medium,Engineering,Yes,881,0,0.0,,0.0,,0.0,02:19,03:13,119,45.38,3.0,65.0,54.0,Manual,Completed,-3.0,-19.619999999999997
BR004473,TMS005734,AST005056,C00055,COA001272,2025-06-15,523,613,90,30.558792114257812,Low,Engineering,Yes,892,0,0.0,2025-06-15,2.0,Peak,71.0,08:43,10:13,173,52.02,2.0,62.0,90.0,Manual,Completed,-2.0,-9.979999999999997
BR004492,TMS005757,AST000733,C00062,COA000536,2025-06-30,895,951,56,47.25896072387695,Medium,Engineering,No,894,0,0.0,2025-06-30,3.0,Normal,91.0,14:55,15:51,173,32.37,2.0,81.0,56.0,Manual,Completed,-2.0,-48.63
BR004518,TMS005790,AST003507,C00016,COA000577,2025-06-25,304,421,117,40.58940887451172,Medium,Engineering,Yes,902,0,0.0,2025-06-25,5.0,Off-Peak,82.0,05:04,07:01,160,73.12,6.0,78.0,117.0,Manual,Completed,-6.0,-4.8799999999999955
BR004621,TMS005927,AST003595,C00039,COA000712,2025-06-13,247,291,44,60.78537368774414,High,Engineering,Yes,921,0,0.0,,0.0,,0.0,04:07,04:51,105,41.9,1.0,66.0,44.0,Manual,Completed,-1.0,-24.1
BR004667,TMS005986,AST004110,C00017,COA001484,2025-06-26,753,796,43,48.45138931274414,Medium,Engineering,Yes,927,0,0.0,,0.0,,0.0,12:33,13:16,92,46.74,5.0,57.0,43.0,Manual,Completed,-5.0,-10.259999999999998
BR004676,TMS005998,AST004695,C00074,COA000479,2025-06-25,72,158,86,32.03089904785156,Low,Engineering,Yes,928,0,0.0,,0.0,,0.0,01:12,02:38,162,53.09,1.0,64.0,86.0,Manual,Completed,-1.0,-10.909999999999997
BR004683,SMMS000005,AST005948,C00095,COA000422,2025-06-24,46,154,108,42.35475158691406,Medium,Signal & Telecom,No,930,0,0.0,,0.0,,0.0,00:46,02:34,174,62.07,0.0,74.0,108.0,Manual,Completed,0.0,-11.93
BR004695,SMMS000021,AST006793,C00064,COA000759,2025-06-29,775,872,97,31.838863372802734,Low,Signal & Telecom,No,935,0,0.0,,0.0,,0.0,12:55,14:32,99,97.98,4.0,64.0,97.0,Manual,Completed,-4.0,33.980000000000004
BR004709,SMMS000041,AST006087,C00027,COA000001,2025-06-28,1107,1160,53,58.257930755615234,Medium,Signal & Telecom,No,940,0,0.0,2025-06-28,2.0,Normal,83.0,18:27,19:20,75,70.67,2.0,55.0,53.0,Manual,Completed,-2.0,15.670000000000002
BR004726,SMMS000063,AST005987,C00094,COA000652,2025-06-10,261,348,87,62.094093322753906,High,Signal & Telecom,Yes,945,0,0.0,2025-06-10,2.0,Peak,95.0,04:21,05:48,111,78.38,6.0,76.0,87.0,Manual,Completed,-6.0,2.3799999999999955
BR004742,SMMS000088,AST007053,C00066,COA001146,2025-06-14,361,498,137,35.9764289855957,Low,Signal & Telecom,Yes,951,0,0.0,2025-06-14,7.0,Normal,82.0,06:01,08:18,173,79.19,1.0,59.0,137.0,Manual,Completed,-1.0,20.189999999999998
BR004747,SMMS000096,AST007262,C00058,COA001279,2025-06-15,1073,1182,109,45.552852630615234,Medium,Signal & Telecom,Yes,955,0,0.0,2025-06-15,3.0,Peak,81.0,17:53,19:42,140,77.86,0.0,56.0,109.0,Manual,Completed,0.0,21.86
BR004757,SMMS000108,AST005476,C00039,COA000094,2025-06-12,42,93,51,34.1209831237793,Low,Signal & Telecom,No,957,0,0.0,,0.0,,0.0,00:42,01:33,170,30.0,2.0,81.0,51.0,Manual,Completed,-2.0,-51.0
BR004771,SMMS000127,AST006521,C00097,COA001130,2025-06-22,1115,1243,128,63.97490692138672,High,Signal & Telecom,Yes,959,0,0.0,2025-06-22,4.0,Normal,73.0,18:35,20:43,163,78.53,4.0,54.0,128.0,Manual,Completed,-4.0,24.53
BR004866,SMMS000256,AST006829,C00053,COA000200,2025-06-18,882,1020,138,72.57376861572266,High,Signal & Telecom,Yes,979,0,0.0,,0.0,,0.0,14:42,17:00,151,91.39,1.0,54.0,138.0,Manual,Completed,-1.0,37.39
BR004936,SMMS000343,AST008000,C00051,COA000332,2025-06-10,947,1034,87,36.18301773071289,Low,Signal & Telecom,Yes,995,0,0.0,,0.0,,0.0,15:47,17:14,169,51.48,2.0,78.0,87.0,Manual,Completed,-2.0,-26.520000000000003
BR004964,SMMS000385,AST006191,C00098,COA001221,2025-06-20,540,611,71,34.1878547668457,Low,Signal & Telecom,Yes,1002,0,0.0,,0.0,,0.0,09:00,10:11,162,43.83,0.0,49.0,71.0,Manual,Completed,0.0,-5.170000000000002
BR004967,SMMS000388,AST008260,C00057,COA001246,2025-06-12,1192,1232,40,84.4769058227539,Critical,Signal & Telecom,No,1004,0,0.0,,0.0,,0.0,19:52,20:32,171,23.39,1.0,84.0,40.0,Manual,Completed,-1.0,-60.61
BR005025,SMMS000467,AST007861,C00093,COA000429,2025-06-17,22,119,97,38.328102111816406,Low,Signal & Telecom,No,1016,0,0.0,,0.0,,0.0,00:22,01:59,131,74.05,2.0,64.0,97.0,Manual,Completed,-2.0,10.049999999999997
BR005032,SMMS000475,AST007044,C00022,COA001092,2025-06-24,6,129,123,36.614620208740234,Low,Signal & Telecom,No,1019,0,0.0,,0.0,,0.0,00:06,02:09,162,75.93,1.0,65.0,123.0,Manual,Completed,-1.0,10.930000000000007
BR005067,SMMS000521,AST007106,C00020,COA000636,2025-06-06,14,111,97,68.6058349609375,High,Signal & Telecom,No,1026,0,0.0,2025-06-06,6.0,Off-Peak,72.0,00:14,01:51,140,69.29,1.0,81.0,97.0,Manual,Completed,-1.0,-11.709999999999994
BR005101,SMMS000567,AST006574,C00081,COA000532,2025-06-06,534,595,61,50.8848991394043,Medium,Signal & Telecom,Yes,1030,0,0.0,2025-06-06,5.0,Peak,84.0,08:54,09:55,137,44.53,1.0,54.0,61.0,Manual,Completed,-1.0,-9.469999999999999
BR005104,SMMS000570,AST006641,C00078,COA001149,2025-06-23,279,331,52,58.94286346435547,Medium,Signal & Telecom,No,1031,0,0.0,,0.0,,0.0,04:39,05:31,55,94.55,1.0,63.0,52.0,Manual,Completed,-1.0,31.549999999999997
BR005105,SMMS000571,AST008404,C00034,COA000096,2025-06-07,892,971,79,23.969980239868164,Low,Signal & Telecom,Yes,1032,0,0.0,2025-06-07,1.0,Peak,88.0,14:52,16:11,89,88.76,4.0,76.0,79.0,Manual,Completed,-4.0,12.760000000000005
BR005123,SMMS000591,AST007901,C00098,COA000427,2025-06-07,674,751,77,63.532981872558594,High,Signal & Telecom,No,1037,0,0.0,2025-06-07,5.0,Peak,89.0,11:14,12:31,142,54.23,2.0,55.0,77.0,Manual,Completed,-2.0,-0.7700000000000031
BR005182,SMMS000673,AST006229,C00098,COA001044,2025-06-28,938,1045,107,66.3445053100586,High,Signal & Telecom,Yes,1051,1,7.0,,0.0,,0.0,15:38,17:25,179,59.78,4.0,49.0,107.0,Manual,Completed,-3.0,10.780000000000001
BR005183,SMMS000674,AST007925,C00065,COA000478,2025-06-24,887,976,89,60.01978302001953,High,Signal & Telecom,No,1052,0,0.0,2025-06-24,1.0,Off-Peak,72.0,14:47,16:16,135,65.93,0.0,51.0,89.0,Manual,Completed,0.0,14.930000000000007
BR005236,SMMS000738,AST006982,C00035,COA000866,2025-06-07,165,254,89,34.194984436035156,Low,Signal & Telecom,Yes,1063,0,0.0,2025-06-07,2.0,Peak,82.0,02:45,04:14,167,53.29,0.0,80.0,89.0,Manual,Completed,0.0,-26.71
BR005261,SMMS000769,AST008611,C00097,COA000467,2025-06-28,1038,1134,96,39.23550796508789,Low,Signal & Telecom,No,1070,0,0.0,2025-06-28,3.0,Normal,75.0,17:18,18:54,174,55.17,0.0,76.0,96.0,Manual,Completed,0.0,-20.83
BR005312,SMMS000836,AST007651,C00071,COA001007,2025-06-15,127,198,71,43.390254974365234,Medium,Signal & Telecom,No,1071,0,0.0,,0.0,,0.0,02:07,03:18,89,79.78,2.0,74.0,71.0,Manual,Completed,-2.0,5.780000000000001
BR005374,SMMS000912,AST006531,C00023,COA000353,2025-06-06,84,188,104,63.39552307128906,High,Signal & Telecom,Yes,1085,0,0.0,,0.0,,0.0,01:24,03:08,154,67.53,0.0,84.0,104.0,Manual,Completed,0.0,-16.47
BR005431,SMMS000977,AST006800,C00056,COA000631,2025-06-30,3,55,52,44.819732666015625,Medium,Signal & Telecom,No,1099,0,0.0,2025-06-30,5.0,Normal,71.0,00:03,00:55,87,59.77,3.0,74.0,52.0,Manual,Completed,-3.0,-14.229999999999997
BR005471,SMMS001026,AST006663,C00071,COA001320,2025-06-18,736,800,64,34.61379623413086,Low,Signal & Telecom,No,1111,0,0.0,2025-06-18,4.0,Peak,95.0,12:16,13:20,132,48.48,1.0,67.0,64.0,Manual,Completed,-1.0,-18.520000000000003
BR005478,SMMS001034,AST006124,C00047,COA000566,2025-06-04,377,434,57,36.77566909790039,Low,Signal & Telecom,Yes,1114,0,0.0,,0.0,,0.0,06:17,07:14,70,81.43,3.0,72.0,57.0,Manual,Completed,-3.0,9.430000000000007
BR005494,SMMS001054,AST007788,C00070,COA001313,2025-06-30,162,317,155,47.76284408569336,Medium,Signal & Telecom,No,1118,0,0.0,2025-06-30,5.0,Normal,88.0,02:42,05:17,174,89.08,0.0,82.0,155.0,Manual,Completed,0.0,7.079999999999998
BR005507,SMMS001071,AST006870,C00007,COA000525,2025-06-28,589,656,67,51.94669723510742,Medium,Signal & Telecom,Yes,1120,0,0.0,,0.0,,0.0,09:49,10:56,111,60.36,2.0,70.0,67.0,Manual,Completed,-2.0,-9.64
BR005576,SMMS001157,AST007859,C00012,COA000630,2025-06-23,148,266,118,44.244239807128906,Medium,Signal & Telecom,Yes,1124,0,0.0,2025-06-23,3.0,Normal,83.0,02:28,04:26,156,75.64,1.0,68.0,118.0,Manual,Completed,-1.0,7.640000000000001
BR005616,SMMS001210,AST007349,C00080,COA000521,2025-06-01,1070,1132,62,29.377161026000977,Low,Signal & Telecom,Yes,1127,0,0.0,2025-06-01,7.0,Normal,90.0,17:50,18:52,77,80.52,0.0,72.0,62.0,Manual,Completed,0.0,8.519999999999996
BR005628,SMMS001224,AST005981,C00099,COA000707,2025-06-28,530,638,108,35.883113861083984,Low,Signal & Telecom,Yes,1131,0,0.0,2025-06-28,2.0,Off-Peak,85.0,08:50,10:38,158,68.35,1.0,71.0,108.0,Manual,Completed,-1.0,-2.6500000000000057
BR005635,SMMS001234,AST007916,C00018,COA000040,2025-06-22,319,440,121,34.37557601928711,Low,Signal & Telecom,No,1136,0,0.0,2025-06-22,1.0,Off-Peak,81.0,05:19,07:20,134,90.3,3.0,62.0,121.0,Manual,Completed,-3.0,28.299999999999997
BR005646,SMMS001251,AST006933,C00031,COA000015,2025-06-09,1084,1187,103,57.6995849609375,Medium,Signal & Telecom,Yes,1140,0,0.0,,0.0,,0.0,18:04,19:47,178,57.87,3.0,68.0,103.0,Manual,Completed,-3.0,-10.130000000000003
BR005673,SMMS001286,AST007781,C00010,COA000680,2025-06-04,84,207,123,55.847782135009766,Medium,Signal & Telecom,No,1143,0,0.0,2025-06-04,8.0,Normal,86.0,01:24,03:27,145,84.83,2.0,85.0,123.0,Manual,Completed,-2.0,-0.1700000000000017
BR005676,SMMS001292,AST008165,C00080,COA000157,2025-06-30,1119,1169,50,67.5630874633789,High,Signal & Telecom,No,1146,0,0.0,2025-06-30,1.0,Normal,74.0,18:39,19:29,172,29.07,2.0,82.0,50.0,Manual,Completed,-2.0,-52.93
BR005683,SMMS001302,AST006638,C00073,COA001281,2025-06-01,901,1017,116,83.59265899658203,Critical,Signal & Telecom,No,1148,0,0.0,2025-06-01,8.0,Normal,72.0,15:01,16:57,162,71.6,3.0,48.0,116.0,Manual,Completed,-3.0,23.599999999999994
BR005705,SMMS001332,AST008114,C00007,COA000553,2025-06-10,2,72,70,55.557518005371094,Medium,Signal & Telecom,Yes,1151,1,1.0,2025-06-10,5.0,Peak,89.0,00:02,01:12,140,50.0,2.0,67.0,70.0,Manual,Completed,-1.0,-17.0
BR005718,SMMS001351,AST007882,C00067,COA001219,2025-06-05,1019,1106,87,61.75059509277344,High,Signal & Telecom,No,1152,0,0.0,,0.0,,0.0,16:59,18:26,94,92.55,1.0,81.0,87.0,Manual,Completed,-1.0,11.549999999999997
BR005750,SMMS001389,AST006770,C00055,COA001209,2025-06-11,994,1152,158,75.39412689208984,High,Signal & Telecom,Yes,1161,0,0.0,,0.0,,0.0,16:34,19:12,178,88.76,1.0,63.0,158.0,Manual,Completed,-1.0,25.760000000000005
BR005794,SMMS001445,AST008406,C00091,COA000294,2025-06-16,5,98,93,52.36604690551758,Medium,Signal & Telecom,Yes,1165,0,0.0,,0.0,,0.0,00:05,01:38,140,66.43,4.0,62.0,93.0,Manual,Completed,-4.0,4.430000000000007
BR005815,SMMS001472,AST005979,C00006,COA000922,2025-06-11,570,704,134,53.902748107910156,Medium,Signal & Telecom,No,1170,0,0.0,2025-06-11,2.0,Normal,93.0,09:30,11:44,143,93.71,2.0,50.0,134.0,Manual,Completed,-2.0,43.709999999999994
BR005822,SMMS001479,AST006646,C00030,COA000599,2025-06-07,701,821,120,33.009239196777344,Low,Signal & Telecom,Yes,1171,0,0.0,,0.0,,0.0,11:41,13:41,161,74.53,0.0,46.0,120.0,Manual,Completed,0.0,28.53
BR005947,SMMS001638,AST006738,C00009,COA000394,2025-06-28,772,851,79,35.9761848449707,Low,Signal & Telecom,Yes,1195,0,0.0,2025-06-28,2.0,Normal,70.0,12:52,14:11,138,57.25,2.0,74.0,79.0,Manual,Completed,-2.0,-16.75
BR005952,SMMS001647,AST008149,C00087,COA000234,2025-06-29,179,256,77,54.1649284362793,Medium,Signal & Telecom,Yes,1198,1,1.0,,0.0,,0.0,02:59,04:16,178,43.26,2.0,66.0,77.0,Manual,Completed,-1.0,-22.740000000000002
BR005960,SMMS001656,AST006304,C00042,COA000205,2025-06-18,1076,1159,83,25.038528442382812,Low,Signal & Telecom,No,1199,0,0.0,2025-06-18,3.0,Normal,80.0,17:56,19:19,108,76.85,1.0,65.0,83.0,Manual,Completed,-1.0,11.849999999999994
BR005977,SMMS001676,AST007562,C00035,COA000698,2025-06-19,1160,1323,163,30.169498443603516,Low,Signal & Telecom,Yes,1201,0,0.0,,0.0,,0.0,19:20,22:03,178,91.57,3.0,83.0,163.0,Manual,Completed,-3.0,8.569999999999993
