block_window_id,block_date,corridor_id,window_start,window_end,available_duration_min,task_id,asset_id,task_duration_min,predicted_priority,request_priority,severity,safety_risk,maintenance_type
COA001390,2025-06-10,C00094,17:37,20:24,167,TMS003334,AST000014,156,87.45694732666016,Critical,Critical,5,Corrective
COA000016,2025-06-12,C00057,19:40,22:06,146,SMMS000388,AST008260,40,84.4769058227539,Critical,Critical,5,Corrective
COA000586,2025-06-23,C00006,16:33,19:26,173,TMS000809,AST000950,127,84.33378601074219,Critical,Critical,5,Preventive
COA001281,2025-06-01,C00073,15:01,17:43,162,SMMS001302,AST006638,116,83.59265899658203,Critical,Critical,5,Preventive
COA001247,2025-06-09,C00094,16:28,18:12,104,TMS001306,AST000938,56,83.41619873046875,Critical,Critical,5,Preventive
COA000975,2025-06-28,C00093,11:45,13:02,77,TMS002893,AST003405,48,82.43401336669922,High,High,4,Preventive
COA001025,2025-06-14,C00033,16:42,19:22,160,TMS003278,AST005194,86,81.80567169189453,Critical,Critical,5,Corrective
COA001064,2025-06-05,C00097,14:22,16:55,153,TMS004807,AST001755,147,81.65644073486328,Critical,Critical,4,Corrective
COA000797,2025-06-13,C00012,19:54,21:51,117,TMS001745,AST000460,62,81.59739685058594,Critical,Critical,5,Inspection
COA000913,2025-06-02,C00015,19:21,22:11,170,SMMS001521,AST006398,104,81.30418395996094,Critical,Critical,4,Preventive
COA000426,2025-06-20,C00075,03:39,04:21,42,TMS005533,AST004065,42,80.47708129882812,Critical,Critical,5,Preventive
COA000051,2025-06-06,C00095,08:30,10:53,143,TMS001492,AST003829,95,80.15524291992188,Critical,Critical,5,Corrective
COA000056,2025-06-13,C00011,11:43,13:19,96,TMS003440,AST004491,62,79.89630889892578,Critical,Critical,5,Inspection
COA000117,2025-06-27,C00053,05:45,08:22,157,TMS005824,AST003760,144,79.30909729003906,Critical,Critical,5,Corrective
COA001012,2025-06-03,C00092,02:44,05:14,150,TMS001853,AST001052,133,79.2149887084961,Critical,Critical,4,Preventive
COA000240,2025-06-12,C00013,10:23,11:42,79,TMS002705,AST002803,78,78.09130859375,Critical,Critical,5,Preventive
COA001168,2025-06-02,C00001,08:57,10:01,64,TMS000065,AST000013,63,77.89313507080078,Critical,Critical,4,Corrective
COA000666,2025-06-26,C00091,10:23,12:36,133,SMMS000204,AST006460,103,76.96382141113281,High,High,5,Preventive
COA000325,2025-06-28,C00029,17:15,19:47,152,SMMS000389,AST007309,75,76.82542419433594,Critical,Critical,5,Corrective
COA000528,2025-06-07,C00025,12:35,15:01,146,TMS003395,AST001998,98,76.28248596191406,Critical,Critical,4,Inspection
COA001209,2025-06-11,C00055,16:34,19:32,178,SMMS001389,AST006770,158,75.39412689208984,Critical,Critical,5,Preventive
COA000026,2025-06-18,C00093,01:27,03:06,99,TMS004200,AST001098,46,75.21611022949219,Critical,Critical,4,Inspection
COA000511,2025-06-07,C00078,19:33,21:40,127,TMS002085,AST001127,108,74.82841491699219,Critical,Critical,5,Preventive
COA000826,2025-06-20,C00017,03:06,04:23,77,TMS000086,AST000036,53,74.3526382446289,Critical,Critical,4,Inspection
COA001155,2025-06-28,C00088,12:58,15:28,150,TMS005128,AST000791,142,74.0026626586914,High,High,4,Corrective
COA000580,2025-06-08,C00005,09:24,11:20,116,SMMS001502,AST007585,103,73.2059555053711,Critical,Critical,5,Corrective
COA001286,2025-06-21,C00080,15:30,18:18,168,TMS003352,AST002409,106,72.92066955566406,Critical,Critical,5,Preventive
COA000661,2025-06-08,C00082,14:22,15:06,44,TMS001799,AST000034,41,72.79035186767578,High,High,4,Preventive
COA001002,2025-06-22,C00098,00:07,01:27,80,TMS000693,AST004282,65,72.72721099853516,High,High,4,Corrective
COA000200,2025-06-18,C00053,14:42,17:13,151,SMMS000256,AST006829,138,72.57376861572266,High,High,5,Corrective
COA000432,2025-06-25,C00024,12:29,14:50,141,TMS004577,AST004349,137,72.57096862792969,High,High,4,Corrective
COA000340,2025-06-09,C00023,16:16,16:54,38,TMS003565,AST003682,36,72.37390899658203,High,High,4,Preventive
COA000882,2025-06-13,C00001,17:15,19:33,138,TMS003830,AST001666,46,72.2404556274414,Critical,Critical,4,Inspection
COA000618,2025-06-28,C00017,05:32,08:32,180,SMMS000722,AST006324,162,72.1465835571289,High,High,4,Preventive
COA000311,2025-06-30,C00005,02:36,05:20,164,SMMS000489,AST006052,145,71.67794799804688,Critical,Critical,5,Corrective
COA000111,2025-06-29,C00019,09:29,12:05,156,TMS003767,AST003649,154,71.56749725341797,Critical,Critical,5,Corrective
COA000620,2025-06-12,C00013,06:18,08:37,139,TMS002301,AST000452,139,71.52735137939453,High,High,4,Corrective
COA001460,2025-06-05,C00025,12:56,15:49,173,TMS004857,AST003856,138,71.00926971435547,Critical,Critical,3,Corrective
COA000318,2025-06-03,C00009,00:13,02:37,144,TMS003858,AST001694,106,70.98066711425781,Critical,Critical,4,Inspection
COA000957,2025-06-16,C00078,02:17,03:14,57,TMS002170,AST005003,50,70.67496490478516,High,High,4,Inspection
COA000904,2025-06-13,C00053,18:34,21:20,166,TMS005457,AST000311,153,70.11677551269531,Critical,Critical,5,Preventive
COA000650,2025-06-26,C00077,06:39,08:08,89,TMS001059,AST005247,55,70.0226058959961,High,High,4,Inspection
COA000356,2025-06-19,C00033,03:50,06:17,147,TMS002692,AST004260,135,69.61712646484375,High,High,4,Corrective
COA001481,2025-06-13,C00049,09:06,10:39,93,TMS002805,AST001050,82,68.90599822998047,High,High,4,Corrective
COA000784,2025-06-22,C00047,15:40,17:45,125,TMS002009,AST002481,124,68.79742431640625,High,High,4,Corrective
COA000973,2025-06-13,C00063,19:21,22:13,172,TMS000171,AST003865,41,68.7098388671875,Critical,Critical,4,Inspection
COA000636,2025-06-06,C00020,00:14,02:34,140,SMMS000521,AST007106,97,68.6058349609375,Critical,Critical,3,Preventive
COA000991,2025-06-27,C00016,17:18,20:00,162,SMMS001514,AST006472,128,68.39848327636719,Critical,Critical,5,Corrective
COA000104,2025-06-10,C00037,17:39,20:35,176,TMS003965,AST003096,145,68.30370330810547,Critical,Critical,4,Preventive
COA001127,2025-06-20,C00078,12:51,14:56,125,TMS003847,AST004115,88,68.09571838378906,High,High,5,Preventive
COA000722,2025-06-04,C00078,16:28,18:20,112,TMS000005,AST001012,78,67.6893539428711,High,High,5,Preventive
COA000527,2025-06-17,C00086,04:51,07:44,173,TMS002069,AST004774,125,67.68404388427734,Critical,Critical,5,Corrective
COA000157,2025-06-30,C00080,18:39,21:31,172,SMMS001292,AST008165,50,67.5630874633789,Critical,Critical,4,Corrective
COA000855,2025-06-18,C00092,10:54,12:15,81,TMS005132,AST001052,72,67.16132354736328,High,High,3,Preventive
COA000948,2025-06-23,C00003,02:12,04:47,155,TMS000673,AST003211,155,67.15543365478516,High,High,4,Corrective
COA000060,2025-06-17,C00092,08:35,09:44,69,TMS001994,AST001052,59,66.90011596679688,High,High,4,Preventive
COA001044,2025-06-28,C00098,15:38,18:37,179,SMMS000673,AST006229,107,66.3445053100586,Medium,Medium,3,Preventive
COA001331,2025-06-19,C00002,11:08,13:07,119,SMMS001197,AST006916,119,66.34343719482422,High,High,4,Preventive
COA000103,2025-06-23,C00006,09:21,10:46,85,TMS000513,AST000799,83,66.24956512451172,Critical,Critical,4,Corrective
COA001487,2025-06-11,C00093,07:52,10:42,170,TMS003302,AST005156,97,66.01826477050781,High,High,3,Corrective
COA000617,2025-06-19,C00092,11:24,14:06,162,SMMS000404,AST005861,138,65.91727447509766,Critical,Critical,5,Preventive
COA000605,2025-06-03,C00086,06:37,08:59,142,TMS000888,AST000690,116,65.4158706665039,High,High,4,Corrective
COA000587,2025-06-18,C00097,05:17,06:16,59,TMS004452,AST002457,44,65.391845703125,High,High,3,Inspection
COA000289,2025-06-11,C00014,06:15,09:02,167,TMS000648,AST004818,138,65.1375732421875,High,High,4,Corrective
COA001469,2025-06-12,C00077,19:47,21:35,108,SMMS000325,AST005441,103,65.04336547851562,Critical,Critical,5,Corrective
COA000993,2025-06-20,C00085,15:02,17:46,164,TMS003666,AST003445,71,64.79852294921875,High,High,3,Inspection
COA000073,2025-06-16,C00059,06:58,09:24,146,TMS005775,AST002807,101,64.43504333496094,High,High,5,Corrective
COA000693,2025-06-03,C00007,01:29,04:18,169,TMS000495,AST002749,118,64.08495330810547,Critical,Critical,5,Corrective
COA000955,2025-06-29,C00003,08:02,10:41,159,SMMS000658,AST005708,95,64.07014465332031,High,High,4,Preventive
COA001130,2025-06-22,C00097,18:35,21:18,163,SMMS000127,AST006521,128,63.97490692138672,High,High,3,Corrective
COA000645,2025-06-28,C00013,19:03,21:12,129,TMS002314,AST004227,71,63.75917053222656,High,High,3,Corrective
COA001139,2025-06-27,C00088,08:41,10:50,129,TMS003284,AST003554,87,63.57626724243164,High,High,3,Corrective
COA000885,2025-06-07,C00098,14:03,16:20,137,SMMS000591,AST007901,77,63.532981872558594,Critical,Critical,4,Preventive
COA000529,2025-06-05,C00033,00:20,03:02,162,TMS005609,AST003942,99,63.50034713745117,High,High,4,Corrective
COA001000,2025-06-15,C00037,07:22,10:03,161,TMS004133,AST003344,102,63.41973114013672,High,High,5,Corrective
COA000353,2025-06-06,C00023,01:24,03:58,154,SMMS000912,AST006531,104,63.39552307128906,Medium,Medium,3,Corrective
COA001212,2025-06-08,C00029,04:07,06:50,163,TMS005558,AST002562,143,63.243919372558594,High,High,3,Corrective
COA000126,2025-06-16,C00052,01:15,03:13,118,TMS000273,AST004477,69,63.24244689941406,High,High,3,Corrective
COA000551,2025-06-28,C00025,18:46,21:05,139,SMMS000411,AST006891,111,63.234676361083984,High,High,4,Preventive
COA000269,2025-06-28,C00016,11:41,12:46,65,SMMS000999,AST005628,65,63.23378372192383,High,High,5,Corrective
COA001330,2025-06-29,C00007,18:39,21:35,176,TMS004863,AST005200,175,63.18029022216797,High,High,3,Corrective
COA000634,2025-06-29,C00060,06:25,09:19,174,TMS002907,AST004129,134,63.177677154541016,High,High,4,Corrective
COA000691,2025-06-18,C00097,19:15,21:16,121,SMMS000059,AST005728,78,63.03180694580078,Critical,Critical,4,Corrective
COA000390,2025-06-28,C00003,03:26,04:47,81,TMS000021,AST003486,43,62.8548583984375,Critical,Critical,5,Inspection
COA001156,2025-06-12,C00001,01:48,03:31,103,TMS003970,AST002582,68,62.827796936035156,High,High,4,Corrective
COA001123,2025-06-19,C00015,15:05,17:50,165,TMS001748,AST005115,107,62.82112503051758,Medium,Medium,3,Preventive
COA001305,2025-06-03,C00082,05:20,07:33,133,TMS005950,AST002258,94,62.47065734863281,Medium,Medium,3,Preventive
COA000652,2025-06-10,C00094,04:21,06:12,111,SMMS000063,AST005987,87,62.094093322753906,Critical,Critical,3,Corrective
COA000300,2025-06-01,C00100,07:18,08:18,60,TMS004871,AST000415,43,62.04521179199219,High,High,3,Corrective
COA001219,2025-06-05,C00067,16:59,18:33,94,SMMS001351,AST007882,87,61.75059509277344,Medium,Medium,4,Preventive
COA000141,2025-06-01,C00091,14:47,17:04,137,TMS002881,AST001679,92,61.554569244384766,Critical,Critical,4,Corrective
COA001443,2025-06-30,C00052,16:19,17:28,69,TMS001037,AST005270,43,61.374141693115234,High,High,4,Inspection
COA000239,2025-06-22,C00045,11:36,13:24,108,TMS003209,AST002424,108,61.301177978515625,Critical,Critical,4,Corrective
COA000789,2025-06-02,C00053,09:18,11:55,157,TMS000336,AST000853,105,61.18579864501953,Critical,Critical,4,Corrective
COA001496,2025-06-08,C00023,19:20,20:36,76,TMS002590,AST004726,51,61.053253173828125,Critical,Critical,5,Inspection
COA000908,2025-06-01,C00089,07:48,10:42,174,TMS005962,AST005252,108,60.865718841552734,Critical,Critical,4,Corrective
COA000142,2025-06-13,C00039,18:45,20:22,97,TMS005927,AST003595,44,60.78537368774414,Critical,Critical,4,Preventive
COA000990,2025-06-20,C00058,04:07,05:23,76,TMS000672,AST003791,40,60.652252197265625,Critical,Critical,5,Inspection
COA000256,2025-06-05,C00013,13:48,16:43,175,TMS004431,AST001882,128,60.651615142822266,Medium,Medium,4,Preventive
COA000973,2025-06-13,C00063,19:21,22:13,172,TMS003535,AST003702,93,60.632476806640625,High,High,4,Inspection
COA000344,2025-06-07,C00077,04:25,07:22,177,SMMS000263,AST005649,97,60.493751525878906,High,High,4,Corrective
COA000052,2025-06-25,C00020,14:18,15:22,64,SMMS001550,AST008304,46,60.32487106323242,Medium,Medium,3,Corrective
COA000959,2025-06-15,C00098,19:21,20:42,81,TMS004163,AST000974,80,60.138607025146484,High,High,3,Corrective
COA000478,2025-06-24,C00065,14:47,17:02,135,SMMS000674,AST007925,89,60.01978302001953,Medium,Medium,3,Corrective
COA001170,2025-06-11,C00072,12:35,15:27,172,TMS003913,AST005104,153,59.95424270629883,Medium,Medium,3,Preventive
COA000627,2025-06-24,C00024,09:07,10:30,83,TMS002242,AST001046,38,59.953311920166016,Medium,Medium,3,Inspection
COA001387,2025-06-22,C00072,11:02,13:04,122,TMS003722,AST002827,105,59.75829315185547,High,High,3,Preventive
COA000875,2025-06-14,C00032,04:30,05:48,78,TMS000325,AST002478,65,59.70527267456055,Medium,Medium,3,Inspection
COA000791,2025-06-17,C00070,19:07,21:59,172,TMS003898,AST000465,50,59.691192626953125,Medium,Medium,3,Inspection
COA000517,2025-06-28,C00088,19:49,21:55,126,SMMS000019,AST007449,117,59.67974090576172,High,High,4,Corrective
COA000417,2025-06-07,C00027,12:05,14:41,156,TMS005855,AST002925,36,59.65992736816406,Medium,Medium,3,Preventive
COA000437,2025-06-07,C00042,13:15,14:25,70,SMMS000652,AST007856,49,59.613616943359375,High,High,3,Corrective
COA001405,2025-06-02,C00076,19:06,21:56,170,TMS000028,AST001133,110,59.352386474609375,Medium,Medium,3,Preventive
COA001010,2025-06-14,C00079,00:05,02:39,154,SMMS001596,AST005492,64,59.2831916809082,Critical,Critical,5,Corrective
COA000901,2025-06-05,C00057,11:28,13:07,99,TMS004587,AST000090,56,59.20908737182617,High,High,4,Inspection
COA001289,2025-06-09,C00051,09:51,11:25,94,TMS000280,AST000646,91,59.18415451049805,Medium,Medium,3,Preventive
COA000249,2025-06-11,C00055,18:27,21:00,153,TMS001188,AST002472,68,59.123992919921875,Medium,Medium,4,Preventive
COA001295,2025-06-27,C00097,06:51,09:16,145,TMS002025,AST001818,135,59.10942077636719,Medium,Medium,3,Preventive
COA001149,2025-06-23,C00078,04:39,05:34,55,SMMS000570,AST006641,52,58.94286346435547,Medium,Medium,3,Corrective
COA000476,2025-06-14,C00077,08:38,10:11,93,TMS005872,AST000267,31,58.520450592041016,Medium,Medium,3,Preventive
COA000276,2025-06-24,C00040,17:59,19:53,114,TMS004998,AST002798,110,58.27979278564453,High,High,4,Corrective
COA000001,2025-06-28,C00027,18:27,19:42,75,SMMS000041,AST006087,53,58.257930755615234,Medium,Medium,3,Corrective
COA000569,2025-06-19,C00020,07:55,10:26,151,TMS004118,AST002459,144,58.147151947021484,High,High,3,Corrective
COA000308,2025-06-22,C00041,15:53,17:14,81,TMS005616,AST004809,54,57.94357681274414,High,High,3,Inspection
COA000417,2025-06-07,C00027,12:05,14:41,156,TMS001912,AST001424,99,57.886085510253906,Medium,Medium,3,Preventive
COA000015,2025-06-09,C00031,18:04,21:02,178,SMMS001251,AST006933,103,57.6995849609375,High,High,4,Preventive
COA000074,2025-06-13,C00049,15:28,17:54,146,TMS000250,AST000688,95,57.683082580566406,High,High,3,Corrective
COA000178,2025-06-25,C00060,10:44,12:07,83,TMS004182,AST002571,81,57.678619384765625,Medium,Medium,3,Preventive
COA000430,2025-06-14,C00049,13:28,15:56,148,TMS000678,AST003725,99,57.56301498413086,Low,Low,3,Preventive
COA000694,2025-06-16,C00011,04:11,05:59,108,TMS001727,AST002833,78,57.51044464111328,High,High,2,Preventive
COA000189,2025-06-24,C00041,04:13,06:52,159,TMS000914,AST001373,82,57.4510612487793,Medium,Medium,3,Preventive
COA001024,2025-06-02,C00058,04:07,05:39,92,TMS002761,AST001071,53,57.41082000732422,High,High,3,Preventive
COA000462,2025-06-25,C00027,16:50,19:18,148,TMS004977,AST003540,84,57.290771484375,High,High,4,Preventive
COA000409,2025-06-25,C00097,11:45,14:16,151,SMMS000690,AST007490,106,57.23863220214844,Critical,Critical,4,Corrective
COA000344,2025-06-07,C00077,04:25,07:22,177,TMS003413,AST004989,44,57.190460205078125,Medium,Medium,4,Preventive
COA001372,2025-06-15,C00051,14:33,17:16,163,TMS003908,AST004556,162,57.10578918457031,Medium,Medium,3,Preventive
COA000765,2025-06-24,C00035,07:33,10:18,165,TMS000596,AST000513,135,57.095848083496094,Medium,Medium,3,Preventive
COA001393,2025-06-23,C00068,11:45,14:16,151,SMMS001537,AST008316,100,56.729305267333984,Medium,Medium,3,Preventive
COA001242,2025-06-04,C00019,19:51,20:41,50,TMS000679,AST004908,34,56.72065353393555,Medium,Medium,2,Preventive
COA000110,2025-06-05,C00062,02:43,05:28,165,TMS003472,AST003872,39,56.4355354309082,High,High,3,Inspection
COA001287,2025-06-16,C00013,06:00,08:34,154,TMS003171,AST000439,98,56.40998840332031,High,High,4,Corrective
COA000298,2025-06-07,C00065,01:12,03:27,135,TMS004038,AST003091,111,56.386688232421875,Medium,Medium,3,Preventive
COA000021,2025-06-17,C00086,14:38,15:25,47,TMS005366,AST004534,40,56.265625,Medium,Medium,3,Inspection
COA001021,2025-06-13,C00066,00:39,03:30,171,TMS003978,AST004804,143,56.17666244506836,High,High,3,Corrective
COA000823,2025-06-18,C00088,13:22,15:05,103,SMMS001260,AST008064,98,56.04319763183594,Low,Low,2,Corrective
COA001116,2025-06-23,C00090,09:45,10:40,55,SMMS000265,AST007469,36,55.85950469970703,Medium,Medium,2,Preventive
COA000680,2025-06-04,C00010,01:24,03:49,145,SMMS001286,AST007781,123,55.847782135009766,High,High,3,Corrective
COA001464,2025-06-28,C00030,14:42,17:18,156,TMS000255,AST003583,95,55.71949768066406,High,High,4,Corrective
COA000705,2025-06-10,C00069,09:41,12:23,162,SMMS000953,AST007814,140,55.61651611328125,High,High,3,Preventive
COA000737,2025-06-05,C00038,15:15,18:03,168,TMS003122,AST003013,125,55.59790802001953,High,High,3,Corrective
COA000553,2025-06-10,C00007,00:02,02:22,140,SMMS001332,AST008114,70,55.557518005371094,High,High,4,Corrective
COA000808,2025-06-16,C00073,13:53,14:38,45,TMS004382,AST004907,43,55.524269104003906,Medium,Medium,3,Inspection
COA000020,2025-06-18,C00057,04:00,06:56,176,TMS005531,AST000150,93,55.36039733886719,High,High,4,Inspection
COA001053,2025-06-20,C00047,18:02,21:01,179,TMS003929,AST003689,79,55.190147399902344,High,High,3,Inspection
COA001087,2025-06-24,C00019,08:31,11:10,159,TMS002938,AST002764,100,55.133548736572266,High,High,4,Corrective
COA001033,2025-06-18,C00016,02:11,04:53,162,TMS002471,AST001662,138,54.9481201171875,High,High,4,Corrective
COA001325,2025-06-05,C00006,15:10,17:28,138,TMS002490,AST001964,94,54.928680419921875,Medium,Medium,2,Preventive
COA000368,2025-06-16,C00075,15:54,17:58,124,TMS001386,AST002942,116,54.760711669921875,Medium,Medium,3,Preventive
COA000888,2025-06-12,C00077,10:07,11:20,73,TMS004445,AST004842,71,54.74857711791992,High,High,4,Inspection
COA001065,2025-06-12,C00060,00:28,02:49,141,TMS002826,AST003510,52,54.53652572631836,High,High,4,Preventive
COA000796,2025-06-15,C00046,05:59,08:28,149,TMS000076,AST002317,119,54.495582580566406,Medium,Medium,4,Preventive
COA000408,2025-06-21,C00078,02:35,04:56,141,TMS000003,AST000826,91,54.48744583129883,Medium,Medium,3,Preventive
COA001053,2025-06-20,C00047,18:02,21:01,179,TMS001327,AST000705,66,54.43936538696289,Medium,Medium,2,Preventive
COA000734,2025-06-08,C00014,05:48,08:38,170,TMS005599,AST000714,64,54.423580169677734,High,High,4,Corrective
COA000119,2025-06-02,C00003,16:37,19:11,154,SMMS000067,AST006065,137,54.33694076538086,Medium,Medium,2,Corrective
COA001205,2025-06-07,C00044,03:29,05:36,127,TMS003446,AST004597,50,54.28020095825195,High,High,3,Inspection
COA000150,2025-06-29,C00087,05:19,07:45,146,SMMS001647,AST008149,77,54.1649284362793,Critical,Critical,4,Corrective
COA000922,2025-06-11,C00006,09:30,11:53,143,SMMS001472,AST005979,134,53.902748107910156,Critical,Critical,3,Corrective
COA000203,2025-06-01,C00091,13:06,15:49,163,SMMS001382,AST008242,117,53.81276321411133,High,High,4,Corrective
COA000087,2025-06-28,C00100,01:20,02:47,87,TMS001187,AST000019,78,53.65614318847656,High,High,4,Preventive
COA001288,2025-06-22,C00085,11:29,14:04,155,SMMS000934,AST006378,83,53.4997673034668,High,High,4,Corrective
COA000063,2025-06-07,C00085,06:04,08:08,124,TMS001000,AST002413,106,53.43265914916992,Medium,Medium,3,Preventive
COA000484,2025-06-23,C00018,13:35,15:38,123,TMS000470,AST002160,110,53.39499282836914,High,High,4,Corrective
COA000649,2025-06-27,C00033,11:58,13:07,69,TMS001623,AST003068,69,53.35737609863281,Medium,Medium,2,Inspection
COA001249,2025-06-12,C00083,00:16,03:04,168,TMS002689,AST003446,51,53.32011795043945,Medium,Medium,2,Preventive
COA000614,2025-06-04,C00099,10:04,11:27,83,TMS000824,AST002230,72,53.29069519042969,Medium,Medium,2,Inspection
COA000682,2025-06-30,C00001,12:03,13:41,98,TMS002516,AST003528,67,53.00009536743164,Low,Low,2,Preventive
COA000936,2025-06-29,C00069,13:34,15:41,127,TMS003685,AST000375,122,52.9931640625,High,High,4,Corrective
COA000248,2025-06-13,C00064,05:20,07:27,127,TMS001551,AST004760,125,52.97574996948242,Low,Low,3,Preventive
COA000189,2025-06-24,C00041,04:13,06:52,159,TMS003840,AST005220,37,52.87538528442383,Medium,Medium,2,Preventive
COA000685,2025-06-29,C00100,05:10,07:48,158,TMS004536,AST002695,86,52.674137115478516,Medium,Medium,2,Preventive
COA000243,2025-06-09,C00008,10:05,10:40,35,TMS003412,AST001419,34,52.5659294128418,High,High,4,Inspection
COA000347,2025-06-26,C00002,01:12,02:46,94,TMS000306,AST001532,48,52.46213150024414,Medium,Medium,2,Preventive
COA000294,2025-06-16,C00091,00:05,02:25,140,SMMS001445,AST008406,93,52.36604690551758,High,High,4,Corrective
COA000938,2025-06-25,C00083,18:33,20:59,146,TMS002283,AST000497,97,52.06298828125,High,High,3,Corrective
COA001023,2025-06-06,C00003,00:41,03:17,156,TMS000210,AST000269,135,52.04310989379883,Medium,Medium,2,Preventive
COA000525,2025-06-28,C00007,09:49,11:40,111,SMMS001071,AST006870,67,51.94669723510742,Critical,Critical,4,Corrective
COA001423,2025-06-07,C00049,05:20,08:06,166,TMS001861,AST001732,162,51.936798095703125,High,High,4,Corrective
COA000379,2025-06-04,C00017,18:06,20:20,134,TMS002071,AST000099,90,51.87996292114258,High,High,3,Corrective
COA000838,2025-06-12,C00060,05:30,07:56,146,TMS005423,AST004823,97,51.830345153808594,Low,Low,2,Inspection
COA000943,2025-06-09,C00022,13:15,15:23,128,TMS001558,AST001089,114,51.77443313598633,Medium,Medium,3,Preventive
COA000895,2025-06-13,C00040,05:22,06:06,44,SMMS001256,AST005844,37,51.68353271484375,High,High,3,Corrective
COA001463,2025-06-04,C00026,09:46,11:50,124,TMS005583,AST004708,106,51.62028121948242,Medium,Medium,4,Inspection
COA000296,2025-06-21,C00041,08:54,11:29,155,TMS002568,AST003525,148,51.395870208740234,Low,Low,2,Preventive
COA001144,2025-06-10,C00009,09:01,11:29,148,TMS005076,AST001204,126,51.17865753173828,High,High,3,Corrective
COA000752,2025-06-24,C00001,05:38,08:07,149,TMS003674,AST002058,111,51.093788146972656,Low,Low,2,Preventive
COA000898,2025-06-26,C00002,03:16,05:33,137,SMMS000251,AST007881,96,50.94520950317383,High,High,2,Preventive
COA000479,2025-06-25,C00074,01:12,03:54,162,TMS005117,AST004841,115,50.91147232055664,Medium,Medium,2,Preventive
COA000532,2025-06-06,C00081,08:54,11:11,137,SMMS000567,AST006574,61,50.8848991394043,Medium,Medium,3,Corrective
COA000068,2025-06-01,C00023,06:59,09:49,170,TMS005827,AST001507,136,50.8027229309082,Low,Low,2,Preventive
COA000849,2025-06-29,C00033,19:38,20:48,70,TMS004496,AST004849,51,50.64079666137695,High,High,4,Preventive
COA000369,2025-06-07,C00004,04:27,06:00,93,TMS004749,AST002241,50,50.6214714050293,Medium,Medium,2,Preventive
COA001196,2025-06-24,C00003,19:29,22:27,178,SMMS001407,AST005289,128,50.61925506591797,High,High,4,Corrective
COA001226,2025-06-06,C00014,04:48,06:25,97,TMS005602,AST000378,77,50.50447463989258,Medium,Medium,2,Preventive
COA000764,2025-06-19,C00004,08:12,11:08,176,TMS001043,AST003413,149,50.48440170288086,High,High,3,Corrective
COA000939,2025-06-05,C00041,07:12,09:57,165,TMS001047,AST000257,155,50.37519454956055,Medium,Medium,3,Preventive
COA001128,2025-06-08,C00042,14:23,16:37,134,TMS001381,AST000086,121,50.189666748046875,High,High,4,Preventive
COA000477,2025-06-26,C00050,18:24,21:06,162,TMS004251,AST002047,117,50.11505889892578,High,High,3,Corrective
COA000151,2025-06-22,C00064,17:08,20:07,179,TMS003347,AST004770,96,50.09159851074219,Low,Low,2,Preventive
COA000997,2025-06-30,C00096,05:47,07:21,94,SMMS000533,AST008586,81,50.03873062133789,Medium,Medium,3,Preventive
COA000668,2025-06-24,C00014,15:59,18:58,179,TMS001472,AST004387,147,49.85633087158203,Medium,Medium,2,Preventive
COA000753,2025-06-09,C00009,15:09,16:52,103,SMMS001517,AST005807,55,49.760868072509766,Medium,Medium,2,Corrective
COA000572,2025-06-12,C00076,03:38,05:51,133,TMS000810,AST000056,81,49.691978454589844,Medium,Medium,4,Preventive
COA000589,2025-06-17,C00092,00:54,03:11,137,TMS004123,AST002310,88,49.68241500854492,Low,Low,2,Preventive
COA000622,2025-06-13,C00022,02:24,05:24,180,SMMS000900,AST007586,174,49.633541107177734,Medium,Medium,3,Inspection
COA000843,2025-06-19,C00051,13:13,15:00,107,TMS002937,AST002120,80,49.61964416503906,Low,Low,2,Preventive
COA001317,2025-06-02,C00091,04:52,06:39,107,TMS000360,AST000112,74,49.593055725097656,Low,Low,2,Preventive
COA000380,2025-06-30,C00089,00:11,02:02,111,TMS001875,AST003128,104,49.432804107666016,High,High,3,Preventive
COA000139,2025-06-25,C00093,10:08,11:25,77,TMS000027,AST003894,36,49.29445266723633,Low,Low,2,Preventive
COA001080,2025-06-18,C00091,16:16,18:46,150,TMS001283,AST000281,119,49.01292037963867,High,High,2,Corrective
COA001340,2025-06-03,C00059,16:36,17:56,80,TMS004885,AST002364,67,48.99598693847656,Medium,Medium,1,Preventive
COA001336,2025-06-11,C00053,01:26,03:44,138,TMS000172,AST002249,72,48.97134780883789,Low,Low,3,Preventive
COA001141,2025-06-13,C00077,07:18,08:19,61,TMS000464,AST002000,48,48.902130126953125,Medium,Medium,2,Preventive
COA000071,2025-06-10,C00034,17:18,19:36,138,TMS003151,AST002355,77,48.7859001159668,Low,Low,2,Preventive
COA000548,2025-06-14,C00031,02:20,04:36,136,TMS002285,AST002785,119,48.71723556518555,Low,Low,2,Preventive
COA000690,2025-06-10,C00011,15:32,17:35,123,TMS000813,AST004263,98,48.62418746948242,Low,Low,3,Preventive
COA000213,2025-06-09,C00013,07:38,10:09,151,TMS003168,AST000195,105,48.4577751159668,Low,Low,2,Preventive
COA001484,2025-06-26,C00017,12:33,14:05,92,TMS005986,AST004110,43,48.45138931274414,Medium,Medium,3,Preventive
COA001415,2025-06-30,C00013,13:30,16:30,180,TMS000510,AST001118,179,48.35883712768555,High,High,3,Corrective
COA000858,2025-06-02,C00016,02:11,03:31,80,TMS004318,AST003507,63,48.296142578125,Low,Low,2,Preventive
COA001020,2025-06-09,C00001,07:21,09:30,129,TMS004152,AST000189,66,48.23752975463867,Low,Low,2,Inspection
COA000076,2025-06-18,C00060,18:11,19:36,85,TMS002164,AST000486,68,48.16926956176758,Low,Low,2,Preventive
COA000718,2025-06-28,C00008,10:12,11:32,80,TMS002857,AST002984,49,48.16788101196289,High,High,3,Inspection
COA000102,2025-06-22,C00040,16:37,18:41,124,TMS000242,AST001537,104,48.13828659057617,Low,Low,2,Preventive
COA001442,2025-06-13,C00069,16:31,18:12,101,TMS004057,AST003998,92,48.11680221557617,High,High,4,Corrective
COA000275,2025-06-10,C00013,18:46,21:40,174,TMS000574,AST000917,130,47.91828918457031,Medium,Medium,3,Preventive
COA001433,2025-06-13,C00024,05:17,07:39,142,TMS004222,AST004972,111,47.899967193603516,Low,Low,2,Inspection
COA000508,2025-06-06,C00037,11:49,14:16,147,TMS000376,AST003204,56,47.81586837768555,Low,Low,3,Preventive
COA001313,2025-06-30,C00070,02:42,05:36,174,SMMS001054,AST007788,155,47.76284408569336,Medium,Medium,4,Inspection
COA000136,2025-06-02,C00023,10:04,11:50,106,TMS003050,AST004790,105,47.60640335083008,Medium,Medium,3,Preventive
COA000218,2025-06-06,C00030,06:33,08:50,137,TMS001393,AST003583,122,47.58542251586914,High,High,2,Corrective
COA000848,2025-06-18,C00100,00:01,01:54,113,TMS000430,AST002929,65,47.35833740234375,Low,Low,2,Preventive
COA001253,2025-06-26,C00014,06:02,08:54,172,TMS001301,AST000015,111,47.307090759277344,Medium,Medium,2,Preventive
COA000536,2025-06-30,C00062,14:55,17:48,173,TMS005757,AST000733,56,47.25896072387695,Medium,Medium,2,Inspection
COA001132,2025-06-29,C00059,03:03,05:43,160,TMS002808,AST000789,148,47.21780776977539,Low,Low,2,Preventive
COA000222,2025-06-16,C00065,15:27,16:33,66,TMS004470,AST002483,61,47.1363410949707,Low,Low,2,Preventive
COA000491,2025-06-26,C00012,19:19,20:39,80,TMS003009,AST000926,66,47.0804557800293,Low,Low,2,Preventive
COA000927,2025-06-16,C00044,03:04,05:24,140,TMS001148,AST003224,70,47.0586051940918,High,High,4,Corrective
COA001303,2025-06-05,C00090,15:32,17:32,120,TMS004087,AST004015,118,47.0257682800293,Medium,Medium,2,Preventive
COA001319,2025-06-02,C00050,18:07,19:46,99,SMMS000413,AST007596,73,46.973453521728516,Medium,Medium,4,Corrective
COA000964,2025-06-12,C00013,17:00,18:46,106,TMS004993,AST004494,105,46.800514221191406,Medium,Medium,4,Preventive
COA000750,2025-06-12,C00005,10:29,13:29,180,TMS002503,AST004744,175,46.72358322143555,Low,Low,2,Preventive
COA000878,2025-06-20,C00025,10:42,12:11,89,TMS004102,AST004512,35,46.704532623291016,Medium,Medium,3,Preventive
COA001375,2025-06-08,C00064,08:47,11:28,161,TMS005551,AST001866,98,46.63993835449219,Medium,Medium,4,Preventive
COA000059,2025-06-23,C00089,02:14,04:59,165,TMS002455,AST004975,113,46.5134391784668,Medium,Medium,3,Preventive
COA000536,2025-06-30,C00062,14:55,17:48,173,TMS003041,AST004608,69,46.48185348510742,Medium,Medium,3,Preventive
COA001200,2025-06-13,C00030,18:26,21:15,169,TMS001098,AST004883,58,46.35978698730469,Low,Low,2,Preventive
COA001432,2025-06-12,C00046,16:44,19:10,146,TMS005875,AST002064,145,45.970069885253906,High,High,3,Corrective
COA000343,2025-06-25,C00029,06:45,08:17,92,TMS001811,AST005016,84,45.822113037109375,High,High,3,Preventive
COA001279,2025-06-15,C00058,17:53,20:13,140,SMMS000096,AST007262,109,45.552852630615234,Medium,Medium,3,Preventive
COA000236,2025-06-19,C00070,03:48,04:51,63,TMS004764,AST000755,61,45.47441864013672,Low,Low,2,Preventive
COA000078,2025-06-20,C00026,13:59,16:26,147,TMS002498,AST004708,114,45.20464324951172,Medium,Medium,3,Preventive
COA000942,2025-06-21,C00028,12:30,14:11,101,TMS003510,AST004718,85,45.12865447998047,High,High,3,Corrective
COA000503,2025-06-30,C00085,10:18,11:25,67,TMS003865,AST003445,63,44.965476989746094,Medium,Medium,2,Preventive
COA001291,2025-06-13,C00093,12:48,14:22,94,TMS000141,AST001048,74,44.86659240722656,High,High,2,Corrective
COA000444,2025-06-06,C00080,00:57,03:50,173,TMS000427,AST002409,161,44.83461380004883,High,High,3,Corrective
COA000631,2025-06-30,C00056,00:03,01:30,87,SMMS000977,AST006800,52,44.819732666015625,Low,Low,2,Corrective
COA000405,2025-06-29,C00043,07:32,10:24,172,TMS000632,AST003399,127,44.80398941040039,Low,Low,3,Preventive
COA001429,2025-06-05,C00046,05:27,07:01,94,TMS001354,AST003520,89,44.75938415527344,High,High,3,Corrective
COA000744,2025-06-27,C00008,12:37,14:48,131,TMS005052,AST005049,69,44.57746505737305,Medium,Medium,3,Inspection
COA000505,2025-06-16,C00028,11:05,13:53,168,TMS004386,AST001905,123,44.482051849365234,Low,Low,1,Preventive
COA000192,2025-06-01,C00024,00:31,02:14,103,TMS000955,AST005250,101,44.24654006958008,High,High,3,Corrective
COA000630,2025-06-23,C00012,02:28,05:04,156,SMMS001157,AST007859,118,44.244239807128906,Medium,Medium,4,Preventive
COA000806,2025-06-12,C00048,16:30,18:34,124,TMS005340,AST000554,120,44.238014221191406,Medium,Medium,2,Preventive
COA001459,2025-06-06,C00033,14:16,16:32,136,SMMS000710,AST007794,109,43.806827545166016,Medium,Medium,3,Corrective
COA000780,2025-06-17,C00059,14:49,17:10,141,TMS005432,AST004549,98,43.70830154418945,High,High,3,Corrective
COA001195,2025-06-06,C00074,07:28,09:57,149,TMS004453,AST000360,101,43.581321716308594,High,High,3,Corrective
COA001007,2025-06-15,C00071,02:07,03:36,89,SMMS000836,AST007651,71,43.390254974365234,Medium,Medium,3,Corrective
COA000481,2025-06-14,C00081,18:55,21:14,139,TMS002896,AST003676,69,43.32364273071289,Medium,Medium,3,Inspection
COA000751,2025-06-16,C00072,05:32,07:34,122,TMS005058,AST000096,86,43.18433380126953,Low,Low,2,Preventive
COA001361,2025-06-21,C00083,05:44,08:09,145,TMS004273,AST003077,108,43.16565704345703,Medium,Medium,3,Preventive
COA001259,2025-06-09,C00077,05:05,06:36,91,TMS001524,AST001009,66,43.06232452392578,Low,Low,1,Inspection
COA000799,2025-06-25,C00050,00:43,02:55,132,TMS004383,AST004792,115,42.9339599609375,Medium,Medium,4,Preventive
COA000847,2025-06-24,C00085,19:58,21:36,98,TMS001673,AST003850,65,42.836669921875,Medium,Medium,2,Inspection
COA001446,2025-06-25,C00032,16:26,18:56,150,TMS002032,AST001182,138,42.81540298461914,Medium,Medium,3,Preventive
COA001051,2025-06-04,C00088,08:39,10:30,111,TMS004942,AST004284,87,42.629058837890625,Low,Low,2,Preventive
COA001131,2025-06-10,C00045,03:30,05:06,96,TMS002510,AST003977,72,42.60279083251953,Medium,Medium,3,Preventive
COA000422,2025-06-24,C00095,00:46,03:40,174,SMMS000005,AST005948,108,42.35475158691406,Medium,Medium,2,Corrective
COA001344,2025-06-20,C00019,11:39,13:17,98,SMMS000980,AST006978,94,42.346336364746094,Medium,Medium,2,Corrective
COA000909,2025-06-13,C00011,09:02,11:21,139,TMS000658,AST003570,95,42.156211853027344,Medium,Medium,3,Preventive
COA001426,2025-06-02,C00081,15:53,18:04,131,TMS005748,AST002967,86,42.15011215209961,High,High,3,Corrective
COA000027,2025-06-18,C00043,00:03,02:35,152,TMS001228,AST004592,142,41.95737838745117,Medium,Medium,1,Preventive
COA000185,2025-06-14,C00003,13:27,14:53,86,TMS000245,AST000951,73,41.93967819213867,Low,Low,3,Preventive
COA000066,2025-06-03,C00001,18:04,19:35,91,TMS002555,AST000013,86,41.69219970703125,Medium,Medium,2,Preventive
COA001215,2025-06-13,C00095,02:20,04:06,106,TMS005540,AST004330,75,41.66294479370117,Medium,Medium,2,Preventive
COA001214,2025-06-29,C00015,16:29,18:06,97,SMMS001367,AST007299,87,41.61353302001953,Medium,Medium,3,Preventive
COA001257,2025-06-27,C00070,11:18,13:03,105,TMS002575,AST002931,64,41.60984802246094,Medium,Medium,3,Preventive
COA000020,2025-06-18,C00057,04:00,06:56,176,TMS004886,AST000325,54,41.46383285522461,High,High,3,Inspection
COA001302,2025-06-14,C00016,05:10,07:57,167,TMS000224,AST001854,160,41.191001892089844,Low,Low,3,Preventive
COA000062,2025-06-13,C00088,06:21,08:45,144,TMS002502,AST002149,31,41.05518341064453,Low,Low,1,Preventive
COA000584,2025-06-13,C00047,05:40,08:25,165,TMS000687,AST004247,165,40.92325210571289,Low,Low,3,Preventive
COA000031,2025-06-10,C00065,09:06,11:14,128,TMS004529,AST004933,114,40.761417388916016,Low,Low,1,Preventive
COA000313,2025-06-06,C00097,09:52,12:46,174,TMS003079,AST000792,60,40.7564582824707,Medium,Medium,2,Preventive
COA001210,2025-06-05,C00041,16:12,17:47,95,TMS000074,AST001213,85,40.71774673461914,Medium,Medium,1,Preventive
COA000879,2025-06-01,C00067,04:19,04:54,35,SMMS001519,AST007268,32,40.69464111328125,Medium,Medium,3,Corrective
COA000738,2025-06-26,C00097,07:38,09:59,141,TMS003451,AST004442,119,40.6878662109375,Low,Low,1,Preventive
COA000341,2025-06-03,C00052,10:46,12:09,83,TMS002383,AST005270,32,40.626731872558594,Medium,Medium,3,Inspection
COA000577,2025-06-25,C00016,05:04,07:44,160,TMS005790,AST003507,117,40.58940887451172,Medium,Medium,3,Preventive
COA001201,2025-06-24,C00023,09:24,11:46,142,TMS002684,AST002933,97,40.5394287109375,Low,Low,1,Preventive
COA001030,2025-06-02,C00020,16:24,18:04,100,TMS000282,AST001723,71,40.487388610839844,Medium,Medium,3,Inspection
COA000229,2025-06-11,C00002,08:40,11:07,147,TMS003650,AST004620,77,40.4484977722168,High,High,3,Inspection
COA000277,2025-06-15,C00010,01:51,03:59,128,TMS004352,AST001277,90,40.427886962890625,Medium,Medium,3,Preventive
COA001169,2025-06-22,C00020,07:44,10:30,166,TMS003564,AST002459,120,40.37401580810547,Medium,Medium,3,Preventive
COA001323,2025-06-10,C00020,12:21,15:12,171,TMS003241,AST002141,137,40.13140869140625,Low,Low,2,Preventive
COA000058,2025-06-13,C00081,11:31,12:42,71,TMS005581,AST002763,60,40.09794235229492,Medium,Medium,2,Preventive
COA000179,2025-06-27,C00082,10:59,13:44,165,TMS005380,AST003951,93,40.01371383666992,Medium,Medium,2,Preventive
COA000715,2025-06-17,C00053,11:17,13:15,118,TMS002160,AST004423,91,39.996795654296875,Medium,Medium,2,Preventive
COA000981,2025-06-11,C00084,13:24,16:16,172,SMMS000905,AST008578,160,39.716976165771484,Medium,Medium,4,Preventive
COA001016,2025-06-17,C00064,19:13,21:35,142,TMS003175,AST003098,40,39.68883514404297,Medium,Medium,3,Inspection
COA001333,2025-06-15,C00026,18:43,20:48,125,TMS003310,AST003798,94,39.68210983276367,Medium,Medium,3,Preventive
COA000967,2025-06-29,C00008,02:07,04:03,116,SMMS001019,AST007076,110,39.51984405517578,Low,Low,1,Preventive
COA001206,2025-06-20,C00057,18:32,20:57,145,TMS005235,AST002377,123,39.46617126464844,High,High,3,Preventive
COA001070,2025-06-23,C00031,14:54,17:33,159,TMS004109,AST000745,155,39.33103561401367,Medium,Medium,2,Preventive
COA000753,2025-06-09,C00009,15:09,16:52,103,TMS002974,AST001830,41,39.284523010253906,Medium,Medium,3,Inspection
COA000467,2025-06-28,C00097,17:18,20:12,174,SMMS000769,AST008611,96,39.23550796508789,Low,Low,3,Inspection
COA000845,2025-06-11,C00083,18:31,20:53,142,TMS004683,AST005240,55,39.221702575683594,Low,Low,2,Preventive
COA001039,2025-06-10,C00076,00:13,01:45,92,SMMS000304,AST006119,45,39.20704650878906,Medium,Medium,3,Preventive
COA000080,2025-06-05,C00066,18:44,21:21,157,TMS004151,AST004910,99,39.167232513427734,Low,Low,1,Inspection
COA001422,2025-06-14,C00095,04:12,07:05,173,TMS001954,AST003447,171,39.153751373291016,Low,Low,3,Preventive
COA001315,2025-06-19,C00053,11:58,14:11,133,SMMS000471,AST008560,126,39.11195373535156,Medium,Medium,3,Corrective
COA001001,2025-06-16,C00041,05:20,06:52,92,TMS004718,AST000954,65,39.081180572509766,Medium,Medium,3,Preventive
COA000591,2025-06-04,C00008,02:03,03:55,112,TMS002460,AST005085,55,38.94441223144531,Medium,Medium,2,Preventive
COA000412,2025-06-16,C00025,05:24,07:44,140,TMS003736,AST002215,129,38.92150115966797,Low,Low,2,Preventive
COA000253,2025-06-06,C00063,09:43,11:49,126,TMS004790,AST001800,72,38.76649856567383,Medium,Medium,3,Preventive
COA000883,2025-06-07,C00039,00:16,03:10,174,TMS002014,AST003495,164,38.71427536010742,Medium,Medium,2,Preventive
COA000140,2025-06-05,C00048,08:38,11:14,156,TMS003111,AST000894,110,38.55626678466797,Medium,Medium,3,Preventive
COA001458,2025-06-28,C00059,18:58,21:49,171,SMMS000094,AST007835,95,38.468955993652344,Low,Low,1,Corrective
COA000665,2025-06-11,C00010,05:43,07:42,119,SMMS000743,AST008393,70,38.39919662475586,Medium,Medium,2,Corrective
COA000429,2025-06-17,C00093,00:22,02:33,131,SMMS000467,AST007861,97,38.328102111816406,Low,Low,2,Inspection
COA001166,2025-06-08,C00061,14:41,17:38,177,TMS004614,AST001864,113,38.30915832519531,Low,Low,1,Preventive
COA000655,2025-06-26,C00008,04:43,07:36,173,TMS003289,AST000208,155,38.239173889160156,Medium,Medium,2,Preventive
COA001455,2025-06-09,C00003,16:55,19:22,147,TMS003166,AST000781,92,38.04336929321289,Medium,Medium,3,Preventive
COA000623,2025-06-21,C00082,16:05,17:39,94,TMS001204,AST001111,49,37.83534622192383,Low,Low,2,Preventive
COA000038,2025-06-01,C00075,14:03,15:01,58,TMS003146,AST004977,46,37.79122543334961,High,High,3,Inspection
COA001192,2025-06-01,C00006,00:40,02:02,82,TMS000098,AST003042,34,37.731422424316406,Low,Low,2,Inspection
COA000642,2025-06-11,C00086,08:49,09:36,47,TMS005796,AST001901,44,37.70026779174805,Medium,Medium,3,Preventive
COA001111,2025-06-08,C00023,08:39,11:24,165,TMS002537,AST000202,62,37.67305374145508,Medium,Medium,3,Preventive
COA001154,2025-06-20,C00091,16:05,18:20,135,SMMS000253,AST006938,96,37.6666259765625,Medium,Medium,2,Corrective
COA000043,2025-06-30,C00058,17:45,19:21,96,TMS002549,AST002998,42,37.659584045410156,Low,Low,1,Preventive
COA000890,2025-06-07,C00005,10:46,13:33,167,SMMS000945,AST008083,96,37.382198333740234,Medium,Medium,3,Corrective
COA000651,2025-06-17,C00054,17:50,20:49,179,TMS003780,AST004079,144,37.316837310791016,Medium,Medium,3,Preventive
COA000648,2025-06-15,C00086,09:01,10:32,91,TMS001376,AST001467,87,37.110191345214844,Medium,Medium,3,Preventive
COA000465,2025-06-12,C00025,14:35,16:26,111,TMS005784,AST003643,63,36.89158630371094,Low,Low,2,Preventive
COA000566,2025-06-04,C00047,06:17,07:27,70,SMMS001034,AST006124,57,36.77566909790039,Medium,Medium,3,Corrective
COA000558,2025-06-29,C00046,19:03,21:50,167,TMS002968,AST000345,45,36.749366760253906,Medium,Medium,3,Preventive
COA001100,2025-06-28,C00055,03:12,04:25,73,TMS000423,AST003516,49,36.672454833984375,Medium,Medium,2,Inspection
COA000270,2025-06-14,C00056,12:58,15:57,179,TMS001528,AST002590,156,36.63232421875,Low,Low,1,Preventive
COA000250,2025-06-21,C00065,11:25,14:18,173,TMS003690,AST003440,99,36.62614822387695,Medium,Medium,2,Inspection
COA001092,2025-06-24,C00022,00:06,02:48,162,SMMS000475,AST007044,123,36.614620208740234,Medium,Medium,3,Preventive
COA000873,2025-06-20,C00027,04:58,07:45,167,TMS005116,AST001997,142,36.49404525756836,Medium,Medium,2,Preventive
COA000763,2025-06-20,C00034,17:22,18:01,39,TMS004296,AST000970,35,36.452510833740234,Medium,Medium,2,Preventive
COA001200,2025-06-13,C00030,18:26,21:15,169,TMS005274,AST003924,77,36.41861343383789,Medium,Medium,2,Preventive
COA000466,2025-06-11,C00066,00:30,01:49,79,TMS003097,AST001788,46,36.407814025878906,Medium,Medium,3,Inspection
COA000596,2025-06-22,C00002,09:06,10:56,110,TMS000797,AST004551,96,36.27513122558594,Medium,Medium,3,Inspection
COA000899,2025-06-18,C00014,04:29,06:53,144,TMS003624,AST000880,124,36.260948181152344,Low,Low,3,Preventive
COA000306,2025-06-28,C00031,10:00,11:59,119,TMS000566,AST004848,31,36.257686614990234,Medium,Medium,3,Inspection
COA001386,2025-06-16,C00048,17:07,18:39,92,SMMS000935,AST007669,50,36.23756790161133,Medium,Medium,3,Preventive
COA001280,2025-06-13,C00023,06:46,09:45,179,SMMS001215,AST005374,52,36.22148895263672,Medium,Medium,2,Preventive
COA001114,2025-06-28,C00066,13:05,15:45,160,TMS005724,AST000244,156,36.2177848815918,Medium,Medium,3,Preventive
COA000332,2025-06-10,C00051,15:47,18:36,169,SMMS000343,AST008000,87,36.18301773071289,Medium,Medium,2,Corrective
COA000590,2025-06-20,C00023,08:23,11:15,172,TMS001958,AST003323,164,36.178646087646484,Low,Low,2,Preventive
COA000196,2025-06-13,C00003,11:18,13:19,121,SMMS000746,AST005708,86,36.151458740234375,Medium,Medium,2,Preventive
COA001146,2025-06-14,C00066,06:01,08:54,173,SMMS000088,AST007053,137,35.9764289855957,Medium,Medium,3,Corrective
COA000394,2025-06-28,C00009,12:52,15:10,138,SMMS001638,AST006738,79,35.9761848449707,Low,Low,3,Preventive
COA000884,2025-06-05,C00022,14:35,17:31,176,TMS003616,AST002999,137,35.968570709228516,High,High,3,Corrective
COA000327,2025-06-28,C00026,06:16,07:39,83,TMS002124,AST005233,71,35.898990631103516,Medium,Medium,2,Preventive
COA000707,2025-06-28,C00099,08:50,11:28,158,SMMS001224,AST005981,108,35.883113861083984,Medium,Medium,2,Corrective
COA000177,2025-06-28,C00040,09:31,12:08,157,TMS000934,AST000602,45,35.81829071044922,Medium,Medium,2,Preventive
COA001066,2025-06-29,C00058,17:47,19:55,128,TMS004735,AST003370,63,35.798892974853516,Low,Low,1,Preventive
COA000013,2025-06-24,C00068,05:15,06:11,56,SMMS000546,AST006858,54,35.785240173339844,Low,Low,2,Preventive
COA000175,2025-06-14,C00039,06:06,08:49,163,TMS000319,AST004348,104,35.69047164916992,Medium,Medium,2,Preventive
COA000207,2025-06-29,C00015,10:20,13:01,161,SMMS001484,AST008259,134,35.54290008544922,Low,Low,2,Inspection
COA001500,2025-06-12,C00046,11:50,14:13,143,SMMS000888,AST005641,75,35.489952087402344,Low,Low,2,Corrective
COA000292,2025-06-16,C00060,17:25,19:50,145,TMS002975,AST000647,126,35.433143615722656,Medium,Medium,2,Preventive
COA001284,2025-06-02,C00054,09:28,11:53,145,TMS004108,AST004472,96,35.40476989746094,Medium,Medium,2,Inspection
COA001360,2025-06-17,C00081,03:31,06:26,175,SMMS000097,AST006532,156,35.40105438232422,Medium,Medium,2,Preventive
COA001249,2025-06-12,C00083,00:16,03:04,168,SMMS000911,AST008007,72,35.14705276489258,Low,Low,3,Inspection
COA001073,2025-06-14,C00002,06:52,09:07,135,SMMS000255,AST007001,104,35.092552185058594,Medium,Medium,3,Preventive
COA000188,2025-06-24,C00071,07:13,09:52,159,SMMS001065,AST007651,125,34.85811996459961,Medium,Medium,3,Preventive
COA000600,2025-06-25,C00030,05:27,08:04,157,SMMS000337,AST007134,152,34.83108901977539,Low,Low,2,Corrective
COA001221,2025-06-20,C00098,09:00,11:42,162,TMS004417,AST000685,145,34.83062744140625,Medium,Medium,2,Preventive
COA000795,2025-06-20,C00016,18:41,21:17,156,TMS004960,AST002612,61,34.814388275146484,Medium,Medium,1,Preventive
COA001028,2025-06-03,C00049,14:08,16:10,122,TMS005605,AST003095,75,34.76579666137695,Medium,Medium,2,Preventive
COA000897,2025-06-16,C00031,00:38,03:34,176,TMS001224,AST000342,156,34.760005950927734,Medium,Medium,2,Preventive
COA001471,2025-06-27,C00094,05:05,06:32,87,TMS000862,AST004121,38,34.734703063964844,Medium,Medium,2,Preventive
COA001247,2025-06-09,C00094,16:28,18:12,104,TMS001979,AST000679,42,34.70283126831055,Medium,Medium,2,Preventive
COA001320,2025-06-18,C00071,12:16,14:28,132,SMMS001026,AST006663,64,34.61379623413086,Low,Low,2,Inspection
COA001308,2025-06-17,C00090,03:18,05:10,112,TMS005221,AST000219,112,34.61258316040039,Low,Low,2,Preventive
COA000460,2025-06-04,C00054,07:49,09:30,101,SMMS001076,AST008375,41,34.594215393066406,High,High,2,Corrective
COA000310,2025-06-09,C00094,14:22,17:21,179,TMS003914,AST002734,132,34.51018524169922,Medium,Medium,2,Preventive
COA000015,2025-06-09,C00031,18:04,21:02,178,TMS000532,AST005157,61,34.429691314697266,Low,Low,2,Preventive
COA000040,2025-06-22,C00018,05:19,07:33,134,SMMS001234,AST007916,121,34.37557601928711,Medium,Medium,2,Corrective
COA000235,2025-06-22,C00015,18:11,21:04,173,TMS002589,AST004311,87,34.30342483520508,Low,Low,2,Preventive
COA000866,2025-06-07,C00035,02:45,05:32,167,SMMS000738,AST006982,89,34.194984436035156,Low,Low,2,Corrective
COA000094,2025-06-12,C00039,00:42,03:32,170,SMMS000108,AST005476,51,34.1209831237793,Low,Low,2,Preventive
COA000958,2025-06-02,C00052,03:38,05:21,103,SMMS000595,AST006163,93,34.05045700073242,Low,Low,1,Corrective
COA000977,2025-06-28,C00026,17:19,19:08,109,SMMS001307,AST007328,86,33.91067886352539,Low,Low,2,Preventive
COA000635,2025-06-02,C00035,15:11,17:37,146,TMS001627,AST001555,113,33.792537689208984,Low,Low,1,Inspection
COA000458,2025-06-20,C00058,02:48,04:54,126,TMS000382,AST003995,40,33.66064453125,Low,Low,2,Preventive
COA000731,2025-06-19,C00071,09:29,10:51,82,TMS001435,AST002453,30,33.518157958984375,Low,Low,1,Preventive
COA001246,2025-06-12,C00057,19:52,22:43,171,TMS004731,AST001929,122,33.408565521240234,Low,Low,2,Inspection
COA000309,2025-06-24,C00014,16:20,17:44,84,TMS001644,AST000378,74,33.35560607910156,Medium,Medium,2,Preventive
COA001230,2025-06-20,C00012,04:44,07:23,159,TMS003702,AST000743,117,33.21297836303711,Medium,Medium,3,Preventive
COA000919,2025-06-08,C00016,02:00,03:12,72,TMS001462,AST003430,46,33.13600158691406,Low,Low,2,Inspection
COA000599,2025-06-07,C00030,11:41,14:22,161,SMMS001479,AST006646,120,33.009239196777344,Low,Low,2,Corrective
COA001304,2025-06-22,C00073,15:27,18:26,179,TMS001448,AST003177,131,32.97340774536133,Medium,Medium,2,Preventive
COA000354,2025-06-07,C00003,09:38,12:01,143,SMMS000974,AST008125,113,32.87678146362305,Medium,Medium,2,Corrective
COA001191,2025-06-05,C00030,19:49,21:39,110,TMS002659,AST003362,95,32.85316848754883,Medium,Medium,2,Preventive
COA000338,2025-06-25,C00005,15:56,16:54,58,TMS000413,AST001400,49,32.843353271484375,Medium,Medium,2,Preventive
COA000028,2025-06-01,C00007,11:09,13:42,153,TMS002618,AST001069,124,32.76945114135742,Medium,Medium,2,Preventive
COA001043,2025-06-25,C00049,00:20,03:03,163,TMS000275,AST001732,34,32.53102493286133,Medium,Medium,2,Preventive
COA000120,2025-06-21,C00084,06:55,07:59,64,TMS000411,AST000235,49,32.527828216552734,Medium,Medium,1,Preventive
COA000471,2025-06-18,C00025,13:39,15:27,108,TMS002750,AST001949,103,32.420658111572266,Low,Low,2,Preventive
COA000739,2025-06-09,C00080,00:48,02:57,129,TMS000942,AST002018,125,32.2530403137207,Medium,Medium,2,Preventive
COA001406,2025-06-15,C00026,06:27,09:15,168,SMMS001535,AST005535,115,32.211544036865234,Low,Low,1,Corrective
COA000144,2025-06-01,C00051,06:55,09:47,172,TMS001158,AST005224,110,32.08220672607422,Medium,Medium,1,Preventive
COA000017,2025-06-28,C00011,09:59,12:28,149,TMS002949,AST000772,146,32.01193618774414,Medium,Medium,1,Preventive
COA000195,2025-06-19,C00039,16:58,19:19,141,TMS004945,AST001166,131,31.906179428100586,Low,Low,1,Preventive
COA001454,2025-06-05,C00024,05:27,07:07,100,TMS004692,AST002992,53,31.881576538085938,Medium,Medium,2,Preventive
COA000759,2025-06-29,C00064,12:55,14:34,99,SMMS000021,AST006793,97,31.838863372802734,Low,Low,2,Preventive
COA000069,2025-06-09,C00056,09:19,11:36,137,SMMS000639,AST005969,123,31.6851863861084,Medium,Medium,2,Preventive
COA001489,2025-06-25,C00090,10:46,12:02,76,TMS002830,AST004532,49,31.555673599243164,Low,Low,2,Inspection
COA000326,2025-06-22,C00001,08:25,11:16,171,TMS001744,AST003986,127,31.41425895690918,Low,Low,2,Preventive
COA000748,2025-06-20,C00003,13:53,15:49,116,TMS001767,AST000781,108,31.402816772460938,Low,Low,2,Preventive
COA000009,2025-06-28,C00042,16:31,17:14,43,SMMS001534,AST007856,34,31.208309173583984,Medium,Medium,2,Preventive
COA000090,2025-06-15,C00065,11:07,13:28,141,TMS003739,AST003458,128,31.163843154907227,Low,Low,2,Preventive
COA000291,2025-06-12,C00023,05:56,07:20,84,TMS002031,AST000997,34,31.043508529663086,Medium,Medium,1,Inspection
COA000542,2025-06-04,C00039,19:42,22:05,143,TMS002788,AST000874,63,30.932390213012695,Medium,Medium,2,Inspection
COA000786,2025-06-24,C00053,02:28,03:54,86,SMMS000638,AST005487,61,30.894367218017578,Low,Low,2,Preventive
COA001077,2025-06-04,C00058,10:06,12:00,114,TMS000534,AST002957,112,30.802143096923828,Low,Low,2,Preventive
COA000012,2025-06-10,C00096,13:23,15:26,123,TMS004403,AST004680,64,30.730571746826172,Low,Low,2,Inspection
COA000234,2025-06-29,C00087,02:59,05:57,178,TMS005153,AST000046,121,30.705110549926758,Medium,Medium,1,Preventive
COA000254,2025-06-07,C00094,15:36,18:19,163,TMS002401,AST001852,119,30.68692970275879,Medium,Medium,2,Preventive
COA000626,2025-06-20,C00088,10:43,13:01,138,SMMS001233,AST006801,74,30.57219886779785,Low,Low,2,Preventive
COA001272,2025-06-15,C00055,08:43,11:36,173,TMS005734,AST005056,90,30.558792114257812,Low,Low,2,Preventive
COA000129,2025-06-15,C00058,04:08,05:41,93,TMS003688,AST004085,37,30.52291488647461,Low,Low,2,Preventive
COA001439,2025-06-06,C00026,13:51,14:49,58,TMS004824,AST004217,39,30.417335510253906,Low,Low,2,Inspection
COA001234,2025-06-20,C00003,16:58,19:17,139,TMS002777,AST001405,108,30.34547233581543,Low,Low,2,Inspection
COA000530,2025-06-19,C00050,03:16,04:59,103,TMS000103,AST004028,47,30.329280853271484,Low,Low,2,Preventive
COA000173,2025-06-23,C00032,08:07,09:50,103,TMS005969,AST002208,47,30.236675262451172,Low,Low,2,Preventive
COA000698,2025-06-19,C00035,19:20,22:18,178,SMMS001676,AST007562,163,30.169498443603516,Low,Low,2,Corrective
COA000427,2025-06-07,C00098,11:14,13:36,142,TMS004779,AST005165,95,30.14762306213379,Low,Low,2,Preventive
COA000609,2025-06-27,C00064,13:11,14:52,101,SMMS001668,AST007601,76,30.147443771362305,Low,Low,2,Corrective
COA001404,2025-06-07,C00025,02:14,03:32,78,TMS002058,AST002507,72,30.135183334350586,Low,Low,2,Preventive
COA001106,2025-06-13,C00018,13:01,15:34,153,TMS001920,AST001816,95,30.096248626708984,Medium,Medium,2,Preventive
COA000564,2025-06-18,C00014,11:32,12:54,82,TMS004020,AST000287,77,30.091768264770508,Medium,Medium,2,Preventive
COA001037,2025-06-16,C00050,14:53,15:41,48,TMS001185,AST003195,46,30.02313804626465,Low,Low,2,Preventive
COA000216,2025-06-20,C00097,07:55,10:35,160,TMS001323,AST004078,155,29.898649215698242,Low,Low,2,Preventive
COA001309,2025-06-04,C00063,12:08,14:00,112,TMS003975,AST000308,71,29.83359718322754,Medium,Medium,2,Inspection
COA000734,2025-06-08,C00014,05:48,08:38,170,TMS005317,AST003109,45,29.603076934814453,Low,Low,1,Preventive
COA000911,2025-06-12,C00063,07:09,08:52,103,TMS002337,AST001427,47,29.5369930267334,Low,Low,2,Preventive
COA000556,2025-06-30,C00069,06:27,09:26,179,TMS004398,AST000261,97,29.409297943115234,Low,Low,2,Preventive
COA000521,2025-06-01,C00080,17:50,19:07,77,SMMS001210,AST007349,62,29.377161026000977,Medium,Medium,2,Preventive
COA000746,2025-06-03,C00003,07:52,10:23,151,TMS001637,AST000448,40,29.25566864013672,Low,Low,2,Preventive
COA000177,2025-06-28,C00040,09:31,12:08,157,TMS005388,AST003615,92,29.234477996826172,Low,Low,1,Preventive
COA000293,2025-06-05,C00078,03:28,05:36,128,TMS000422,AST004554,76,29.119583129882812,Low,Low,2,Preventive
COA000039,2025-06-11,C00034,00:40,01:44,64,TMS000279,AST002253,47,29.0541934967041,Low,Low,2,Inspection
COA000241,2025-06-07,C00026,16:32,19:04,152,SMMS000620,AST008567,108,29.013450622558594,Low,Low,2,Inspection
COA000851,2025-06-07,C00094,03:33,04:58,85,TMS003599,AST003117,81,28.972705841064453,Low,Low,2,Preventive
COA001032,2025-06-25,C00096,07:20,10:09,169,TMS005414,AST000575,166,28.95178985595703,Medium,Medium,2,Preventive
COA000328,2025-06-16,C00066,03:47,04:54,67,TMS005434,AST000607,49,28.93509864807129,Low,Low,2,Inspection
COA001476,2025-06-11,C00032,08:13,10:03,110,SMMS000354,AST007287,92,28.716413497924805,Low,Low,1,Inspection
COA001088,2025-06-15,C00060,10:59,13:14,135,TMS005163,AST002860,70,28.626066207885742,Low,Low,2,Preventive
COA001434,2025-06-26,C00072,18:44,20:02,78,TMS002026,AST001129,47,28.589561462402344,Low,Low,2,Preventive
COA001250,2025-06-19,C00035,10:22,12:04,102,TMS002053,AST005113,42,28.56853675842285,Medium,Medium,2,Preventive
COA000947,2025-06-12,C00023,17:17,20:06,169,TMS001672,AST004117,152,28.565153121948242,Low,Low,2,Preventive
COA000730,2025-06-18,C00058,16:20,18:16,116,TMS001707,AST000539,115,28.56182861328125,Low,Low,1,Preventive
COA001246,2025-06-12,C00057,19:52,22:43,171,SMMS000621,AST008260,34,28.549062728881836,Medium,Medium,2,Preventive
COA000126,2025-06-16,C00052,01:15,03:13,118,TMS004387,AST003049,46,28.46111488342285,Low,Low,2,Inspection
COA001174,2025-06-16,C00004,06:05,08:46,161,SMMS001678,AST008265,132,28.437156677246094,Low,Low,2,Inspection
COA000535,2025-06-21,C00056,15:26,16:58,92,TMS002444,AST001159,73,28.330303192138672,Medium,Medium,1,Preventive
COA000507,2025-06-30,C00057,01:40,04:34,174,TMS004381,AST002444,85,28.141267776489258,Low,Low,2,Inspection
COA000658,2025-06-19,C00055,04:19,05:44,85,SMMS001245,AST006434,58,28.120792388916016,Low,Low,2,Inspection
COA000788,2025-06-09,C00042,10:27,12:41,134,TMS001957,AST000343,73,27.895862579345703,Low,Low,2,Preventive
COA000578,2025-06-06,C00060,00:44,03:16,152,TMS002642,AST000833,108,27.841440200805664,Low,Low,2,Preventive
COA000099,2025-06-28,C00060,17:36,18:23,47,TMS004281,AST004749,33,27.808826446533203,Low,Low,2,Preventive
COA001436,2025-06-16,C00087,19:05,21:16,131,SMMS000870,AST006246,102,27.5750789642334,Medium,Medium,2,Corrective
COA000591,2025-06-04,C00008,02:03,03:55,112,TMS001255,AST001312,37,27.56119155883789,Low,Low,2,Preventive
COA001346,2025-06-14,C00085,14:29,16:55,146,TMS005767,AST001593,137,27.513242721557617,Low,Low,2,Preventive
COA000470,2025-06-27,C00019,08:59,10:40,101,TMS004966,AST000328,95,27.485952377319336,Medium,Medium,1,Preventive
COA000435,2025-06-20,C00021,17:27,19:54,147,TMS003301,AST000073,128,27.46466827392578,Low,Low,2,Preventive
COA001499,2025-06-13,C00093,10:10,12:14,124,TMS004466,AST005043,93,27.33901023864746,Low,Low,1,Preventive
COA001262,2025-06-21,C00079,01:19,02:41,82,TMS001302,AST004299,77,27.148283004760742,Low,Low,2,Preventive
COA001474,2025-06-10,C00008,19:01,21:24,143,TMS000132,AST003824,73,27.067981719970703,Low,Low,2,Preventive
COA000844,2025-06-23,C00072,06:37,08:08,91,TMS000945,AST003366,62,27.061153411865234,Low,Low,2,Inspection
COA000180,2025-06-29,C00095,04:59,07:33,154,SMMS000472,AST007729,136,27.04163360595703,Low,Low,2,Corrective
COA001366,2025-06-27,C00048,00:30,01:30,60,TMS002677,AST000225,49,27.01528549194336,Low,Low,1,Preventive
COA001341,2025-06-27,C00024,10:48,12:08,80,TMS004212,AST002539,78,26.96534538269043,Medium,Medium,2,Preventive
COA000861,2025-06-19,C00038,10:54,12:53,119,TMS005369,AST001575,119,26.94045639038086,Low,Low,1,Preventive
COA001334,2025-06-13,C00081,10:05,12:22,137,TMS001265,AST004880,123,26.86406898498535,Low,Low,2,Preventive
COA000597,2025-06-25,C00066,01:08,03:30,142,TMS000055,AST004019,33,26.74348258972168,Medium,Medium,2,Preventive
COA001250,2025-06-19,C00035,10:22,12:04,102,TMS004812,AST004005,48,26.722904205322266,Low,Low,2,Preventive
COA000542,2025-06-04,C00039,19:42,22:05,143,TMS000219,AST004615,48,26.705039978027344,Low,Low,2,Inspection
COA000215,2025-06-23,C00087,05:21,06:51,90,TMS002195,AST003189,41,26.677574157714844,Low,Low,2,Preventive
COA000613,2025-06-12,C00081,06:50,08:04,74,SMMS001297,AST005855,68,26.505712509155273,Low,Low,1,Inspection
COA000488,2025-06-17,C00061,09:19,10:24,65,TMS003909,AST005225,51,26.48268699645996,Low,Low,2,Inspection
COA001300,2025-06-30,C00008,17:46,20:06,140,TMS003180,AST001116,54,26.33311653137207,Low,Low,1,Preventive
COA000231,2025-06-14,C00015,05:36,07:59,143,TMS000192,AST003593,132,26.272706985473633,Low,Low,1,Preventive
COA000554,2025-06-01,C00016,15:21,17:35,134,TMS004645,AST002609,91,25.94085693359375,Low,Low,1,Preventive
COA000110,2025-06-05,C00062,02:43,05:28,165,TMS005963,AST004326,118,25.876354217529297,Low,Low,1,Preventive
COA000105,2025-06-01,C00007,18:46,20:49,123,TMS000885,AST000183,115,25.33670425415039,Medium,Medium,1,Preventive
COA000205,2025-06-18,C00042,17:56,19:44,108,SMMS001656,AST006304,83,25.038528442382812,Low,Low,1,Preventive
COA001177,2025-06-05,C00001,11:04,12:19,75,TMS005936,AST003941,74,24.86977767944336,Low,Low,1,Preventive
COA000475,2025-06-16,C00012,12:38,15:31,173,TMS002781,AST000091,44,24.784048080444336,Low,Low,2,Preventive
COA001108,2025-06-15,C00013,00:36,02:46,130,TMS000162,AST001332,122,24.421567916870117,Low,Low,2,Preventive
COA000556,2025-06-30,C00069,06:27,09:26,179,TMS004285,AST004740,73,24.198238372802734,Low,Low,1,Preventive
COA001351,2025-06-25,C00043,11:27,14:27,180,TMS003750,AST004592,68,24.11656379699707,Low,Low,1,Preventive
COA000096,2025-06-07,C00034,14:52,16:21,89,SMMS000571,AST008404,79,23.969980239868164,Low,Low,1,Inspection
COA001014,2025-06-30,C00035,15:24,18:23,179,TMS003782,AST000513,108,23.867368698120117,Low,Low,1,Preventive
COA000492,2025-06-27,C00100,01:33,02:54,81,TMS002798,AST001501,68,23.667530059814453,Low,Low,1,Preventive
COA000643,2025-06-24,C00085,18:41,20:36,115,SMMS000197,AST006047,62,23.15127944946289,Low,Low,1,Inspection
COA000724,2025-06-04,C00001,13:05,15:57,172,TMS004818,AST000963,135,22.76352882385254,Low,Low,1,Preventive
COA000165,2025-06-22,C00080,06:44,09:10,146,TMS005778,AST001025,97,22.04288673400879,Low,Low,1,Preventive
COA001261,2025-06-11,C00049,04:35,07:01,146,TMS004839,AST002704,87,22.041210174560547,Low,Low,1,Preventive
COA000669,2025-06-11,C00067,02:09,03:58,109,TMS003873,AST002766,96,21.339155197143555,Low,Low,1,Inspection
COA001400,2025-06-18,C00009,16:04,18:32,148,SMMS000010,AST005439,54,21.337085723876953,Low,Low,1,Corrective
COA000124,2025-06-03,C00081,03:01,05:18,137,TMS000820,AST002763,135,20.74152374267578,Low,Low,1,Preventive
COA000093,2025-06-10,C00007,05:24,08:16,172,TMS001280,AST001630,145,20.611915588378906,Low,Low,1,Preventive
COA000201,2025-06-12,C00073,15:27,17:32,125,TMS002357,AST000495,61,20.526111602783203,Low,Low,1,Inspection
COA000770,2025-06-12,C00008,01:11,02:38,87,TMS003450,AST003274,36,20.422527313232422,Low,Low,1,Inspection
COA001294,2025-06-01,C00077,11:25,13:54,149,TMS000106,AST005053,128,20.250770568847656,Low,Low,1,Preventive
COA001041,2025-06-01,C00072,09:40,11:15,95,TMS004454,AST004097,43,19.866561889648438,Low,Low,1,Inspection
COA001467,2025-06-30,C00063,04:55,07:43,168,TMS002839,AST001692,113,19.258380889892578,Low,Low,1,Preventive
COA000249,2025-06-11,C00055,18:27,21:00,153,TMS000667,AST003907,78,18.98447608947754,Low,Low,1,Preventive
COA000125,2025-06-19,C00079,19:31,21:06,95,TMS002630,AST001943,60,18.972074508666992,Low,Low,1,Preventive
COA001223,2025-06-11,C00034,11:36,14:35,179,TMS001685,AST002951,161,17.58233642578125,Low,Low,1,Preventive
