candidate_id,block_request_id,task_id,block_window_id,corridor_id,train_no,movement_id,movement_type,movement_start,movement_end,conflict_buffer_min,conflict_duration_min
0,BR000002,TMS000003,COA000408,C00078,56202,MW009728,Train Movement,00:56,04:11,11,91
2,BR000007,TMS000008,COA001390,C00094,14894,MW004191,Train Movement,19:16,22:09,9,56
3,BR000019,TMS000021,COA000390,C00003,57042,MW010012,Train Movement,04:09,06:20,14,14
4,BR000024,TMS000027,COA000139,C00093,65891,MW011329,Train Movement,10:31,12:39,8,21
6,BR000043,TMS000053,COA000527,C00086,13394,MW001893,Train Movement,06:22,09:21,12,50
6,BR000043,TMS000053,COA000527,C00086,54538,MW009263,Train Movement,05:09,10:42,13,124
8,BR000051,TMS000065,COA001168,C00001,16325,MW006352,Train Movement,04:25,10:52,12,63
8,BR000051,TMS000065,COA001168,C00001,16967,MW007322,Train Movement,02:34,09:09,9,21
11,BR000060,TMS000074,COA001210,C00041,92728,MW013936,Train Movement,17:16,18:40,15,36
17,BR000089,TMS000106,COA001294,C00077,66317,MW011449,Train Movement,10:14,11:56,7,38
20,BR000115,TMS000141,COA001499,C00093,14809,MW004085,Train Movement,10:16,11:39,11,74
23,BR000140,TMS000171,COA000973,C00063,95518,MW014416,Train Movement,17:34,22:02,12,41
25,BR000156,TMS000192,COA000231,C00015,14789,MW004042,Train Movement,07:43,10:26,6,11
25,BR000156,TMS000192,COA000231,C00015,75196,MW012593,Train Movement,04:05,08:39,11,132
27,BR000178,TMS000219,COA000542,C00039,50904,MW008025,Train Movement,19:41,20:37,7,48
29,BR000189,TMS000235,COA000991,C00016,98818,MW014890,Train Movement,17:28,20:05,15,52
32,BR000201,TMS000250,COA000074,C00049,59963,MW010951,Train Movement,14:47,17:25,12,95
33,BR000205,TMS000255,COA001464,C00030,52390,MW008465,Train Movement,13:07,16:00,8,86
36,BR000221,TMS000273,COA001399,C00052,15082,MW004434,Train Movement,14:22,17:32,11,35
38,BR000225,TMS000277,COA001426,C00081,66447,MW011466,Train Movement,14:30,16:26,12,45
41,BR000228,TMS000280,COA001289,C00051,57689,MW010197,Train Movement,09:26,11:01,5,75
41,BR000228,TMS000280,COA001289,C00051,79255,MW013252,Train Movement,09:19,10:50,13,72
42,BR000230,TMS000282,COA001030,C00020,68318,MW012066,Train Movement,14:48,16:54,12,42
44,BR000249,TMS000306,COA000898,C00002,13057,MW001456,Train Movement,02:19,03:39,10,33
46,BR000264,TMS000325,COA000875,C00032,51731,MW008236,Train Movement,04:21,05:01,9,40
47,BR000264,TMS000325,COA000920,C00032,13838,MW002679,Train Movement,03:20,03:46,14,42
47,BR000264,TMS000325,COA000920,C00032,51731,MW008236,Train Movement,04:21,05:01,9,11
48,BR000274,TMS000336,COA000789,C00053,12042,MW000059,Train Movement,09:16,10:46,10,98
49,BR000289,TMS000360,COA001317,C00091,12036,MW000049,Train Movement,05:07,07:49,7,66
49,BR000289,TMS000360,COA001317,C00091,15213,MW004709,Train Movement,02:28,05:55,10,73
51,BR000308,TMS000382,COA000458,C00058,67064,MW011635,Train Movement,02:58,04:43,8,38
52,BR000308,TMS000382,COA000990,C00058,67064,MW011635,Train Movement,02:58,04:43,8,40
53,BR000325,TMS000407,COA001422,C00095,12025,MW000033,Train Movement,04:43,05:57,15,104
53,BR000325,TMS000407,COA001422,C00095,98376,MW014806,Train Movement,04:33,07:48,5,106
54,BR000326,TMS000411,COA000120,C00084,16185,MW006105,Train Movement,02:20,06:57,8,10
55,BR000328,TMS000413,COA000338,C00005,55667,MW009547,Train Movement,15:39,18:32,6,49
58,BR000339,TMS000427,COA000444,C00080,50672,MW007947,Train Movement,03:43,05:32,12,7
58,BR000339,TMS000427,COA000444,C00080,69560,MW012420,Train Movement,01:06,03:00,8,130
60,BR000367,TMS000464,COA001141,C00077,14864,MW004154,Train Movement,06:52,07:59,13,48
60,BR000367,TMS000464,COA001141,C00077,16225,MW006148,Train Movement,07:32,08:37,6,40
61,BR000367,TMS000464,COA001255,C00077,14864,MW004154,Train Movement,06:52,07:59,13,39
63,BR000391,TMS000495,COA000693,C00007,95846,MW014465,Train Movement,02:20,08:05,7,74
66,BR000407,TMS000513,COA000586,C00006,65636,MW011221,Train Movement,16:18,16:47,7,21
68,BR000423,TMS000534,COA001077,C00058,54849,MW009357,Train Movement,09:00,10:41,12,47
68,BR000423,TMS000534,COA001077,C00058,93619,MW014127,Train Movement,07:58,10:33,13,40
74,BR000470,TMS000597,COA000715,C00053,17972,MW007734,Train Movement,12:56,14:24,12,2
76,BR000498,TMS000632,COA000405,C00043,67608,MW011860,Train Movement,09:00,09:32,10,49
77,BR000512,TMS000648,COA000289,C00014,79342,MW013305,Train Movement,06:33,09:09,14,134
78,BR000520,TMS000658,COA000056,C00011,14502,MW003593,Train Movement,07:52,12:26,14,57
78,BR000520,TMS000658,COA000056,C00011,14741,MW003955,Train Movement,07:35,12:15,5,37
79,BR000520,TMS000658,COA000909,C00011,14502,MW003593,Train Movement,07:52,12:26,14,95
79,BR000520,TMS000658,COA000909,C00011,14741,MW003955,Train Movement,07:35,12:15,5,95
82,BR000530,TMS000672,COA000458,C00058,67064,MW011635,Train Movement,02:58,04:43,8,38
83,BR000530,TMS000672,COA000990,C00058,67064,MW011635,Train Movement,02:58,04:43,8,40
85,BR000535,TMS000678,COA000430,C00049,51864,MW008313,Train Movement,11:05,13:44,5,21
86,BR000536,TMS000679,COA001242,C00019,12190,MW000284,Train Movement,18:45,20:37,10,34
88,BR000544,TMS000687,COA000584,C00047,54482,MW009234,Train Movement,07:35,09:02,11,61
88,BR000544,TMS000687,COA000584,C00047,92590,MW013917,Train Movement,05:10,07:18,11,109
89,BR000548,TMS000693,COA001002,C00098,13088,MW001504,Train Movement,00:14,00:21,12,26
92,BR000628,TMS000809,COA000586,C00006,65636,MW011221,Train Movement,16:18,16:47,7,21
93,BR000629,TMS000810,COA000572,C00076,55852,MW009635,Train Movement,01:25,04:47,14,81
94,BR000631,TMS000813,COA000690,C00011,13985,MW002892,Train Movement,12:15,16:03,13,44
94,BR000631,TMS000813,COA000690,C00011,16297,MW006312,Train Movement,14:01,18:38,12,98
94,BR000631,TMS000813,COA000690,C00011,67363,MW011737,Train Movement,08:20,15:40,14,22
94,BR000631,TMS000813,COA000690,C00011,79032,MW013209,Train Movement,09:36,17:26,7,98
94,BR000631,TMS000813,COA000690,C00011,79771,MW013369,Train Movement,07:33,15:21,12,1
97,BR000638,TMS000823,COA000080,C00066,12336,MW000470,Train Movement,18:55,19:42,7,61
97,BR000638,TMS000823,COA000080,C00066,16241,MW006189,Train Movement,19:58,20:58,14,88
101,BR000690,TMS000885,COA000028,C00007,55499,MW009506,Train Movement,07:09,11:36,7,34
101,BR000690,TMS000885,COA000028,C00007,65901,MW011339,Train Movement,09:37,14:19,11,115
101,BR000690,TMS000885,COA000028,C00007,66780,MW011570,Train Movement,11:11,15:52,14,115
102,BR000690,TMS000885,COA000105,C00007,51864,MW008311,Train Movement,19:15,23:41,8,94
102,BR000690,TMS000885,COA000105,C00007,59654,MW010859,Train Movement,14:59,19:18,15,47
104,BR000709,TMS000914,COA000189,C00041,15930,MW005818,Train Movement,04:18,04:57,5,49
105,BR000723,TMS000934,COA000177,C00040,55588,MW009510,Train Movement,07:00,09:28,13,10
106,BR000729,TMS000942,COA000739,C00080,12504,MW000716,Train Movement,02:11,03:08,8,50
106,BR000729,TMS000942,COA000739,C00080,13676,MW002358,Train Movement,02:50,03:50,8,11
106,BR000729,TMS000942,COA000739,C00080,55017,MW009378,Train Movement,02:06,03:56,12,59
107,BR000732,TMS000945,COA000844,C00072,13707,MW002412,Train Movement,07:27,08:49,10,22
107,BR000732,TMS000945,COA000844,C00072,55385,MW009461,Train Movement,05:31,08:09,6,62
108,BR000739,TMS000955,COA000192,C00024,15148,MW004570,Train Movement,00:47,02:20,15,100
109,BR000771,TMS001000,COA000063,C00085,14451,MW003505,Train Movement,04:19,07:57,9,106
109,BR000771,TMS001000,COA000063,C00085,15827,MW005662,Train Movement,03:15,06:57,13,66
109,BR000771,TMS001000,COA000063,C00085,59514,MW010800,Train Movement,01:01,06:26,9,31
109,BR000771,TMS001000,COA000063,C00085,69909,MW012539,Train Movement,07:24,13:15,6,32
111,BR000783,TMS001014,COA001393,C00068,50174,MW007807,Train Movement,08:48,12:09,7,31
112,BR000800,TMS001037,COA001338,C00052,16048,MW005940,Train Movement,07:57,11:04,9,43
113,BR000800,TMS001037,COA001443,C00052,14396,MW003454,Train Movement,14:37,17:46,11,43
113,BR000800,TMS001037,COA001443,C00052,16278,MW006244,Train Movement,15:32,18:33,15,43
116,BR000814,TMS001059,COA000049,C00077,13247,MW001746,Train Movement,01:35,02:29,5,53
116,BR000814,TMS001059,COA000049,C00077,15927,MW005813,Train Movement,01:06,02:08,6,46
116,BR000814,TMS001059,COA000049,C00077,53252,MW008790,Train Movement,01:43,03:22,9,49
118,BR000826,TMS001072,COA000584,C00047,54482,MW009234,Train Movement,07:35,09:02,11,23
118,BR000826,TMS001072,COA000584,C00047,92590,MW013917,Train Movement,05:10,07:18,11,109
119,BR000828,TMS001074,COA000898,C00002,13057,MW001456,Train Movement,02:19,03:39,10,33
120,BR000848,TMS001098,COA001200,C00030,54482,MW009230,Train Movement,16:26,19:13,10,57
122,BR000853,TMS001104,COA000600,C00030,51995,MW008341,Train Movement,07:43,10:28,11,17
124,BR000890,TMS001148,COA000927,C00044,12620,MW000867,Train Movement,02:59,03:48,8,52
126,BR000896,TMS001158,COA000144,C00051,13838,MW002681,Train Movement,06:25,07:07,11,23
133,BR000928,TMS001208,COA000693,C00007,95846,MW014465,Train Movement,02:20,08:05,7,61
136,BR000963,TMS001255,COA000591,C00008,12392,MW000583,Train Movement,00:56,02:38,5,37
137,BR000973,TMS001265,COA001334,C00081,53165,MW008770,Train Movement,11:48,13:36,9,29
138,BR000982,TMS001280,COA000093,C00007,12981,MW001367,Train Movement,05:30,07:54,5,144
138,BR000982,TMS001280,COA000093,C00007,59288,MW010718,Train Movement,01:17,05:48,6,30
138,BR000982,TMS001280,COA000093,C00007,69391,MW012365,Train Movement,02:03,06:44,9,89
139,BR000985,TMS001283,COA001080,C00091,13411,MW001947,Train Movement,17:33,20:20,14,56
139,BR000985,TMS001283,COA001080,C00091,16102,MW006050,Train Movement,17:14,20:39,12,73
140,BR000995,TMS001294,COA000973,C00063,95518,MW014416,Train Movement,17:34,22:02,12,116
141,BR001001,TMS001301,COA001253,C00014,16816,MW007017,Train Movement,07:26,08:57,8,35
143,BR001006,TMS001306,COA000310,C00094,15105,MW004491,Train Movement,14:38,17:37,13,53
144,BR001006,TMS001306,COA001247,C00094,15105,MW004491,Train Movement,14:38,17:37,13,56
148,BR001035,TMS001343,COA000189,C00041,15930,MW005818,Train Movement,04:18,04:57,5,49
151,BR001064,TMS001376,COA000648,C00086,58935,MW010644,Train Movement,07:23,12:57,15,87
153,BR001072,TMS001386,COA000368,C00075,51403,MW008136,Train Movement,17:52,21:12,11,9
155,BR001077,TMS001393,COA001293,C00030,59354,MW010784,Train Movement,18:38,21:29,8,51
156,BR001083,TMS001399,COA001393,C00068,50174,MW007807,Train Movement,08:48,12:09,7,31
158,BR001116,TMS001448,COA001304,C00073,12077,MW000127,Train Movement,15:10,16:52,8,93
158,BR001116,TMS001448,COA001304,C00073,13401,MW001934,Train Movement,17:08,18:52,5,35
158,BR001116,TMS001448,COA001304,C00073,92589,MW013909,Train Movement,17:36,21:59,8,10
159,BR001126,TMS001462,COA000919,C00016,16602,MW006747,Train Movement,02:40,03:54,7,13
161,BR001132,TMS001472,COA000668,C00014,12262,MW000365,Train Movement,16:32,17:45,15,103
162,BR001141,TMS001484,COA000795,C00016,53924,MW009119,Train Movement,17:05,18:51,7,17
163,BR001145,TMS001492,COA000051,C00095,13541,MW002166,Train Movement,08:25,09:34,13,77
163,BR001145,TMS001492,COA000051,C00095,14799,MW004061,Train Movement,07:27,08:56,6,32
163,BR001145,TMS001492,COA000051,C00095,54438,MW009222,Train Movement,07:21,09:41,11,82
163,BR001145,TMS001492,COA000051,C00095,93443,MW014080,Train Movement,08:42,12:04,10,93
167,BR001176,TMS001532,COA000797,C00012,68587,MW012176,Train Movement,18:56,21:51,10,80
168,BR001189,TMS001549,COA001387,C00072,56470,MW009844,Train Movement,11:02,13:26,9,52
168,BR001189,TMS001549,COA001387,C00072,76804,MW012798,Train Movement,10:36,13:25,9,52
169,BR001191,TMS001551,COA000248,C00064,14610,MW003745,Train Movement,03:17,06:01,7,48
169,BR001191,TMS001551,COA000248,C00064,17322,MW007532,Train Movement,07:06,09:11,6,25
170,BR001197,TMS001558,COA000943,C00022,12538,MW000777,Train Movement,10:57,13:26,13,24
174,BR001263,TMS001644,COA000309,C00014,12262,MW000365,Train Movement,16:32,17:45,15,74
175,BR001263,TMS001644,COA000668,C00014,12262,MW000365,Train Movement,16:32,17:45,15,56
177,BR001289,TMS001673,COA000643,C00085,78732,MW013169,Train Movement,15:10,21:12,5,65
178,BR001289,TMS001673,COA000847,C00085,78732,MW013169,Train Movement,15:10,21:12,5,65
180,BR001302,TMS001690,COA000289,C00014,79342,MW013305,Train Movement,06:33,09:09,14,92
181,BR001316,TMS001707,COA000730,C00058,17503,MW007581,Train Movement,15:55,16:45,7,32
183,BR001331,TMS001727,COA000694,C00011,53936,MW009122,Train Movement,02:30,09:30,13,78
186,BR001348,TMS001745,COA000797,C00012,68587,MW012176,Train Movement,18:56,21:51,10,62
188,BR001364,TMS001767,COA000653,C00003,53393,MW008856,Train Movement,18:21,20:24,9,7
188,BR001364,TMS001767,COA000653,C00003,79342,MW013295,Train Movement,15:50,18:05,9,103
189,BR001364,TMS001767,COA000748,C00003,98722,MW014866,Train Movement,12:01,15:04,12,83
190,BR001364,TMS001767,COA001234,C00003,53393,MW008856,Train Movement,18:21,20:24,9,34
190,BR001364,TMS001767,COA001234,C00003,79342,MW013295,Train Movement,15:50,18:05,9,76
194,BR001397,TMS001811,COA000343,C00029,67525,MW011804,Train Movement,06:30,08:59,11,84
197,BR001431,TMS001854,COA000666,C00091,15320,MW004906,Train Movement,07:32,11:00,13,50
198,BR001438,TMS001861,COA001423,C00049,53617,MW008996,Train Movement,04:11,06:47,8,95
198,BR001438,TMS001861,COA001423,C00049,67250,MW011685,Train Movement,05:27,08:11,14,162
199,BR001452,TMS001875,COA000380,C00089,15167,MW004589,Train Movement,00:34,02:04,11,92
201,BR001485,TMS001915,COA000528,C00025,12150,MW000227,Train Movement,08:50,13:41,5,71
201,BR001485,TMS001915,COA000528,C00025,13399,MW001924,Train Movement,09:45,14:34,6,107
201,BR001485,TMS001915,COA000528,C00025,17415,MW007560,Train Movement,14:26,18:59,14,10
201,BR001485,TMS001915,COA000528,C00025,56192,MW009722,Train Movement,13:41,22:48,6,47
201,BR001485,TMS001915,COA000528,C00025,56880,MW009966,Train Movement,08:56,18:04,14,107
202,BR001488,TMS001920,COA001106,C00018,16954,MW007277,Train Movement,12:30,14:04,14,77
202,BR001488,TMS001920,COA001106,C00018,99633,MW015015,Train Movement,14:07,17:27,11,40
203,BR001506,TMS001946,COA001460,C00025,13292,MW001810,Train Movement,08:30,13:21,14,39
203,BR001506,TMS001946,COA001460,C00025,95418,MW014402,Train Movement,02:51,14:36,14,99
204,BR001513,TMS001954,COA001422,C00095,12025,MW000033,Train Movement,04:43,05:57,15,104
204,BR001513,TMS001954,COA001422,C00095,98376,MW014806,Train Movement,04:33,07:48,5,155
208,BR001534,TMS001978,COA001127,C00078,13257,MW001754,Train Movement,11:14,12:56,8,13
208,BR001534,TMS001978,COA001127,C00078,92449,MW013868,Train Movement,13:19,17:33,8,44
209,BR001535,TMS001979,COA000310,C00094,15105,MW004491,Train Movement,14:38,17:37,13,39
210,BR001535,TMS001979,COA001247,C00094,15105,MW004491,Train Movement,14:38,17:37,13,42
211,BR001537,TMS001981,COA000668,C00014,12262,MW000365,Train Movement,16:32,17:45,15,103
212,BR001546,TMS001994,COA000060,C00092,54802,MW009325,Train Movement,08:06,10:22,12,59
214,BR001554,TMS002009,COA000784,C00047,13578,MW002202,Train Movement,16:22,17:13,7,65
214,BR001554,TMS002009,COA000784,C00047,14753,MW003977,Train Movement,14:29,15:32,14,6
214,BR001554,TMS002009,COA000784,C00047,66127,MW011407,Train Movement,17:15,18:52,9,38
215,BR001558,TMS002014,COA000883,C00039,59887,MW010916,Train Movement,00:17,01:13,6,63
217,BR001565,TMS002026,COA001434,C00072,68060,MW012004,Train Movement,17:35,20:13,11,47
218,BR001570,TMS002031,COA000291,C00023,94205,MW014170,Train Movement,06:39,08:23,10,1
220,BR001571,TMS002032,COA001446,C00032,65913,MW011366,Train Movement,15:36,16:12,15,1
224,BR001592,TMS002058,COA000528,C00025,12150,MW000227,Train Movement,08:50,13:41,5,71
224,BR001592,TMS002058,COA000528,C00025,13399,MW001924,Train Movement,09:45,14:34,6,72
224,BR001592,TMS002058,COA000528,C00025,56192,MW009722,Train Movement,13:41,22:48,6,12
224,BR001592,TMS002058,COA000528,C00025,56880,MW009966,Train Movement,08:56,18:04,14,72
226,BR001600,TMS002069,COA000527,C00086,13394,MW001893,Train Movement,06:22,09:21,12,46
226,BR001600,TMS002069,COA000527,C00086,54538,MW009263,Train Movement,05:09,10:42,13,120
227,BR001602,TMS002071,COA000379,C00017,13680,MW002366,Train Movement,19:25,19:33,14,25
228,BR001610,TMS002082,COA000784,C00047,13578,MW002202,Train Movement,16:22,17:13,7,53
228,BR001610,TMS002082,COA000784,C00047,14753,MW003977,Train Movement,14:29,15:32,14,6
228,BR001610,TMS002082,COA000784,C00047,66127,MW011407,Train Movement,17:15,18:52,9,2
229,BR001613,TMS002085,COA000511,C00078,14546,MW003646,Train Movement,17:30,19:46,8,21
229,BR001613,TMS002085,COA000511,C00078,77013,MW012828,Train Movement,16:41,20:22,11,60
230,BR001644,TMS002124,COA000327,C00026,50175,MW007826,Train Movement,02:00,11:11,10,71
230,BR001644,TMS002124,COA000327,C00026,53338,MW008827,Train Movement,04:42,13:51,11,71
230,BR001644,TMS002124,COA000327,C00026,55442,MW009474,Train Movement,04:19,13:27,9,71
230,BR001644,TMS002124,COA000327,C00026,66810,MW011598,Train Movement,04:14,13:56,6,71
232,BR001676,TMS002160,COA000715,C00053,17972,MW007734,Train Movement,12:56,14:24,12,4
234,BR001684,TMS002170,COA000957,C00078,15767,MW005603,Train Movement,00:44,02:55,11,49
235,BR001703,TMS002195,COA000215,C00087,50777,MW007962,Train Movement,06:01,10:08,13,14
235,BR001703,TMS002195,COA000215,C00087,54438,MW009221,Train Movement,03:07,07:21,10,41
235,BR001703,TMS002195,COA000215,C00087,65396,MW011166,Train Movement,02:43,07:12,8,41
237,BR001738,TMS002242,COA000627,C00024,16754,MW006929,Train Movement,08:01,09:29,10,32
238,BR001769,TMS002283,COA000938,C00083,68414,MW012150,Train Movement,19:49,22:25,11,32
239,BR001771,TMS002285,COA000548,C00031,13773,MW002549,Train Movement,02:15,03:20,9,69
240,BR001782,TMS002298,COA000789,C00053,12042,MW000059,Train Movement,09:16,10:46,10,92
242,BR001790,TMS002309,COA001331,C00002,17573,MW007602,Train Movement,10:35,11:51,10,53
243,BR001794,TMS002313,COA001436,C00087,16359,MW006408,Train Movement,18:37,21:23,12,98
243,BR001794,TMS002313,COA001436,C00087,16374,MW006434,Train Movement,20:41,23:24,9,11
251,BR001861,TMS002401,COA000254,C00094,92185,MW013793,Train Movement,13:48,19:17,12,119
253,BR001893,TMS002444,COA000535,C00056,54802,MW009334,Train Movement,15:31,16:31,14,73
254,BR001901,TMS002455,COA000059,C00089,14961,MW004291,Train Movement,03:31,04:59,10,46
254,BR001901,TMS002455,COA000059,C00089,15242,MW004786,Train Movement,03:28,04:55,10,49
256,BR001906,TMS002460,COA000591,C00008,12392,MW000583,Train Movement,00:56,02:38,5,40
257,BR001916,TMS002471,COA001033,C00016,53816,MW009060,Train Movement,01:25,03:04,12,65
258,BR001919,TMS002475,COA000291,C00023,94205,MW014170,Train Movement,06:39,08:23,10,39
262,BR001938,TMS002498,COA000078,C00026,15403,MW005022,Train Movement,09:44,15:43,6,110
262,BR001938,TMS002498,COA000078,C00026,15423,MW005095,Train Movement,09:31,15:39,14,114
262,BR001938,TMS002498,COA000078,C00026,16590,MW006728,Train Movement,10:17,16:23,12,114
262,BR001938,TMS002498,COA000078,C00026,58567,MW010547,Train Movement,13:34,22:39,13,114
263,BR001941,TMS002502,COA000062,C00088,99166,MW014932,Train Movement,02:45,06:14,15,8
264,BR001942,TMS002503,COA000750,C00005,53816,MW009062,Train Movement,07:41,10:32,6,9
266,BR001952,TMS002516,COA000682,C00001,53252,MW008786,Train Movement,02:47,12:41,10,48
266,BR001952,TMS002516,COA000682,C00001,75134,MW012568,Train Movement,05:11,16:11,15,67
266,BR001952,TMS002516,COA000682,C00001,77013,MW012832,Train Movement,10:26,21:33,9,67
273,BR001995,TMS002568,COA000296,C00041,76559,MW012750,Train Movement,09:40,10:38,10,78
274,BR002002,TMS002575,COA001257,C00070,15189,MW004655,Train Movement,11:15,11:48,5,35
275,BR002011,TMS002589,COA000235,C00015,15418,MW005064,Train Movement,17:12,19:58,15,87
278,BR002030,TMS002618,COA000028,C00007,12535,MW000774,Train Movement,13:17,15:43,5,1
278,BR002030,TMS002618,COA000028,C00007,55499,MW009506,Train Movement,07:09,11:36,7,34
278,BR002030,TMS002618,COA000028,C00007,65901,MW011339,Train Movement,09:37,14:19,11,124
278,BR002030,TMS002618,COA000028,C00007,66780,MW011570,Train Movement,11:11,15:52,14,124
282,BR002052,TMS002647,COA000580,C00005,54087,MW009164,Train Movement,08:00,10:59,9,40
287,BR002085,TMS002689,COA001249,C00083,68680,MW012187,Train Movement,00:52,03:30,15,30
288,BR002088,TMS002692,COA000356,C00033,78448,MW013110,Train Movement,01:16,04:05,12,27
288,BR002088,TMS002692,COA000356,C00033,79364,MW013311,Train Movement,02:36,05:25,13,108
289,BR002091,TMS002695,COA000908,C00089,15058,MW004397,Train Movement,06:47,08:19,14,45
289,BR002091,TMS002695,COA000908,C00089,16057,MW005969,Train Movement,08:33,10:04,14,84
289,BR002091,TMS002695,COA000908,C00089,55588,MW009517,Train Movement,07:10,09:20,6,98
289,BR002091,TMS002695,COA000908,C00089,66486,MW011483,Train Movement,07:07,09:17,13,102
293,BR002128,TMS002750,COA000471,C00025,15087,MW004450,Train Movement,14:08,20:12,13,87
293,BR002128,TMS002750,COA000471,C00025,56697,MW009938,Train Movement,11:23,20:29,6,103
293,BR002128,TMS002750,COA000471,C00025,79320,MW013266,Train Movement,07:01,17:10,7,103
293,BR002128,TMS002750,COA000471,C00025,98095,MW014756,Train Movement,11:15,22:47,10,103
295,BR002151,TMS002777,COA000653,C00003,53393,MW008856,Train Movement,18:21,20:24,9,7
295,BR002151,TMS002777,COA000653,C00003,79342,MW013295,Train Movement,15:50,18:05,9,103
296,BR002151,TMS002777,COA000748,C00003,98722,MW014866,Train Movement,12:01,15:04,12,83
297,BR002151,TMS002777,COA001234,C00003,53393,MW008856,Train Movement,18:21,20:24,9,34
297,BR002151,TMS002777,COA001234,C00003,79342,MW013295,Train Movement,15:50,18:05,9,76
299,BR002160,TMS002788,COA000542,C00039,50904,MW008025,Train Movement,19:41,20:37,7,62
300,BR002168,TMS002798,COA000359,C00100,14473,MW003558,Train Movement,15:29,15:35,12,11
302,BR002174,TMS002805,COA000074,C00049,59963,MW010951,Train Movement,14:47,17:25,12,82
303,BR002174,TMS002805,COA001481,C00049,68882,MW012232,Train Movement,07:06,09:51,14,59
304,BR002177,TMS002808,COA001132,C00059,68328,MW012085,Train Movement,05:18,11:09,13,26
305,BR002179,TMS002811,COA000481,C00081,51521,MW008173,Train Movement,17:53,19:40,6,51
305,BR002179,TMS002811,COA000481,C00081,65091,MW010982,Train Movement,17:46,19:37,15,57
305,BR002179,TMS002811,COA000481,C00081,69445,MW012399,Train Movement,17:18,19:09,12,26
306,BR002182,TMS002814,COA000080,C00066,12336,MW000470,Train Movement,18:55,19:42,7,61
306,BR002182,TMS002814,COA000080,C00066,16241,MW006189,Train Movement,19:58,20:58,14,88
307,BR002187,TMS002821,COA001253,C00014,16816,MW007017,Train Movement,07:26,08:57,8,90
307,BR002187,TMS002821,COA001253,C00014,79032,MW013205,Train Movement,08:01,10:41,6,53
310,BR002192,TMS002826,COA001065,C00060,13770,MW002530,Train Movement,00:34,01:15,12,52
311,BR002195,TMS002830,COA001282,C00090,15079,MW004414,Train Movement,07:52,09:15,10,49
311,BR002195,TMS002830,COA001282,C00090,16302,MW006324,Train Movement,07:01,08:26,10,46
313,BR002203,TMS002839,COA001467,C00063,91665,MW013718,Train Movement,03:49,08:33,9,113
313,BR002203,TMS002839,COA001467,C00063,98474,MW014816,Train Movement,04:37,09:08,15,113
316,BR002236,TMS002881,COA000141,C00091,17712,MW007645,Train Movement,16:12,18:51,8,15
316,BR002236,TMS002881,COA000141,C00091,52371,MW008445,Train Movement,10:16,15:33,6,52
316,BR002236,TMS002881,COA000141,C00091,96658,MW014568,Train Movement,09:16,16:16,9,92
317,BR002236,TMS002881,COA000203,C00091,52371,MW008445,Train Movement,10:16,15:33,6,92
317,BR002236,TMS002881,COA000203,C00091,96658,MW014568,Train Movement,09:16,16:16,9,92
319,BR002247,TMS002896,COA000481,C00081,51521,MW008173,Train Movement,17:53,19:40,6,51
319,BR002247,TMS002896,COA000481,C00081,65091,MW010982,Train Movement,17:46,19:37,15,57
319,BR002247,TMS002896,COA000481,C00081,69445,MW012399,Train Movement,17:18,19:09,12,26
322,BR002266,TMS002920,COA001139,C00088,56202,MW009734,Train Movement,07:42,10:13,11,61
324,BR002277,TMS002938,COA001087,C00019,75138,MW012573,Train Movement,07:05,11:01,6,100
325,BR002278,TMS002939,COA000551,C00025,16048,MW005936,Train Movement,15:30,21:35,9,43
325,BR002278,TMS002939,COA000551,C00025,16839,MW007093,Train Movement,13:13,19:19,6,39
325,BR002278,TMS002939,COA000551,C00025,75652,MW012647,Train Movement,08:41,18:50,15,19
326,BR002285,TMS002949,COA000017,C00011,15676,MW005494,Train Movement,10:20,15:02,15,140
326,BR002285,TMS002949,COA000017,C00011,52670,MW008550,Train Movement,05:47,12:45,11,146
326,BR002285,TMS002949,COA000017,C00011,53445,MW008907,Train Movement,11:01,17:59,14,98
326,BR002285,TMS002949,COA000017,C00011,55499,MW009507,Train Movement,11:36,18:32,13,62
326,BR002285,TMS002949,COA000017,C00011,94638,MW014243,Train Movement,09:30,18:58,15,146
327,BR002285,TMS002949,COA001252,C00011,13726,MW002493,Train Movement,18:02,21:46,15,146
327,BR002285,TMS002949,COA001252,C00011,52282,MW008397,Train Movement,13:25,20:22,9,138
327,BR002285,TMS002949,COA001252,C00011,55499,MW009507,Train Movement,11:36,18:32,13,32
327,BR002285,TMS002949,COA001252,C00011,94638,MW014243,Train Movement,09:30,18:58,15,60
329,BR002303,TMS002969,COA000207,C00015,15298,MW004888,Train Movement,08:22,11:12,8,39
329,BR002303,TMS002969,COA000207,C00015,15613,MW005408,Train Movement,09:29,12:12,6,39
330,BR002303,TMS002969,COA001214,C00015,56609,MW009901,Train Movement,14:17,18:23,9,39
330,BR002303,TMS002969,COA001214,C00015,65094,MW010991,Train Movement,12:33,16:57,11,39
331,BR002306,TMS002972,COA000179,C00082,14226,MW003207,Train Movement,10:53,13:03,11,114
335,BR002348,TMS003027,COA000780,C00059,15671,MW005484,Train Movement,14:11,17:49,8,120
335,BR002348,TMS003027,COA000780,C00059,52693,MW008563,Train Movement,13:02,18:31,9,120
337,BR002368,TMS003050,COA000136,C00023,13271,MW001773,Train Movement,11:31,11:55,6,24
337,BR002368,TMS003050,COA000136,C00023,57366,MW010132,Train Movement,09:01,09:57,15,8
338,BR002388,TMS003072,COA000838,C00060,98237,MW014787,Train Movement,07:17,09:03,6,30
339,BR002388,TMS003072,COA001065,C00060,13770,MW002530,Train Movement,00:34,01:15,12,59
339,BR002388,TMS003072,COA001065,C00060,57114,MW010042,Train Movement,02:03,03:07,14,50
340,BR002394,TMS003079,COA000313,C00097,65766,MW011301,Train Movement,09:50,10:37,8,53
342,BR002421,TMS003111,COA000140,C00048,13533,MW002143,Train Movement,07:17,08:50,7,19
344,BR002437,TMS003132,COA001393,C00068,50174,MW007807,Train Movement,08:48,12:09,7,31
345,BR002441,TMS003136,COA001127,C00078,13257,MW001754,Train Movement,11:14,12:56,8,13
345,BR002441,TMS003136,COA001127,C00078,92449,MW013868,Train Movement,13:19,17:33,8,97
347,BR002454,TMS003151,COA000071,C00034,53165,MW008772,Train Movement,18:19,19:10,8,24
353,BR002480,TMS003180,COA001300,C00008,15174,MW004602,Train Movement,16:08,18:16,5,35
354,BR002490,TMS003191,COA001393,C00068,50174,MW007807,Train Movement,08:48,12:09,7,31
357,BR002558,TMS003278,COA001025,C00033,14464,MW003557,Train Movement,17:42,19:26,14,40
357,BR002558,TMS003278,COA001025,C00033,94279,MW014192,Train Movement,15:38,19:25,15,86
358,BR002561,TMS003284,COA001139,C00088,56202,MW009734,Train Movement,07:42,10:13,11,87
359,BR002565,TMS003289,COA000655,C00008,68377,MW012118,Train Movement,02:06,05:19,6,42
361,BR002575,TMS003302,COA001487,C00093,16070,MW006018,Train Movement,07:49,09:08,13,89
361,BR002575,TMS003302,COA001487,C00093,54802,MW009332,Train Movement,09:09,11:12,8,28
362,BR002583,TMS003310,COA001333,C00026,14085,MW002970,Train Movement,16:03,22:05,10,94
362,BR002583,TMS003310,COA001333,C00026,14378,MW003427,Train Movement,15:21,21:22,9,94
362,BR002583,TMS003310,COA001333,C00026,16405,MW006491,Train Movement,14:30,20:35,11,94
363,BR002583,TMS003310,COA001406,C00026,13356,MW001866,Train Movement,03:05,07:59,13,94
363,BR002583,TMS003310,COA001406,C00026,14203,MW003148,Train Movement,03:57,09:59,14,94
363,BR002583,TMS003310,COA001406,C00026,92490,MW013888,Train Movement,02:03,13:49,11,94
364,BR002587,TMS003318,COA000751,C00072,52878,MW008623,Train Movement,05:29,08:05,12,108
364,BR002587,TMS003318,COA000751,C00072,78609,MW013146,Train Movement,07:04,09:54,14,30
364,BR002587,TMS003318,COA000751,C00072,92043,MW013775,Train Movement,07:22,10:51,8,6
365,BR002601,TMS003334,COA001390,C00094,14894,MW004191,Train Movement,19:16,22:09,9,66
367,BR002611,TMS003347,COA000151,C00064,54762,MW009314,Train Movement,18:37,22:41,15,22
368,BR002614,TMS003352,COA001286,C00080,51740,MW008250,Train Movement,13:35,15:23,15,8
369,BR002642,TMS003391,COA000289,C00014,79342,MW013305,Train Movement,06:33,09:09,14,124
370,BR002645,TMS003395,COA000528,C00025,12150,MW000227,Train Movement,08:50,13:41,5,71
370,BR002645,TMS003395,COA000528,C00025,13399,MW001924,Train Movement,09:45,14:34,6,98
370,BR002645,TMS003395,COA000528,C00025,17415,MW007560,Train Movement,14:26,18:59,14,1
370,BR002645,TMS003395,COA000528,C00025,56192,MW009722,Train Movement,13:41,22:48,6,38
370,BR002645,TMS003395,COA000528,C00025,56880,MW009966,Train Movement,08:56,18:04,14,98
371,BR002647,TMS003398,COA000528,C00025,12150,MW000227,Train Movement,08:50,13:41,5,71
371,BR002647,TMS003398,COA000528,C00025,13399,MW001924,Train Movement,09:45,14:34,6,82
371,BR002647,TMS003398,COA000528,C00025,56192,MW009722,Train Movement,13:41,22:48,6,22
371,BR002647,TMS003398,COA000528,C00025,56880,MW009966,Train Movement,08:56,18:04,14,82
373,BR002657,TMS003412,COA000243,C00008,14336,MW003355,Train Movement,10:30,12:39,11,20
376,BR002661,TMS003416,COA001087,C00019,75138,MW012573,Train Movement,07:05,11:01,6,150
377,BR002678,TMS003440,COA000056,C00011,14502,MW003593,Train Movement,07:52,12:26,14,57
377,BR002678,TMS003440,COA000056,C00011,14741,MW003955,Train Movement,07:35,12:15,5,37
378,BR002678,TMS003440,COA000909,C00011,14502,MW003593,Train Movement,07:52,12:26,14,62
378,BR002678,TMS003440,COA000909,C00011,14741,MW003955,Train Movement,07:35,12:15,5,62
381,BR002688,TMS003451,COA000738,C00097,56352,MW009781,Train Movement,08:22,09:15,5,63
383,BR002731,TMS003510,COA000942,C00028,12058,MW000098,Train Movement,11:41,13:24,5,59
383,BR002731,TMS003510,COA000942,C00028,12140,MW000208,Train Movement,13:11,14:57,7,51
384,BR002746,TMS003531,COA000068,C00023,15666,MW005480,Train Movement,07:38,08:19,15,71
384,BR002746,TMS003531,COA000068,C00023,99670,MW015021,Train Movement,06:47,08:32,8,99
385,BR002749,TMS003535,COA000973,C00063,95518,MW014416,Train Movement,17:34,22:02,12,93
388,BR002772,TMS003565,COA000340,C00023,16381,MW006452,Train Movement,16:29,17:08,14,36
389,BR002798,TMS003599,COA000254,C00094,92185,MW013793,Train Movement,13:48,19:17,12,81
390,BR002798,TMS003599,COA000851,C00094,16549,MW006637,Train Movement,03:55,06:43,15,74
391,BR002803,TMS003606,COA000298,C00065,13177,MW001638,Train Movement,02:14,03:06,13,8
391,BR002803,TMS003606,COA000298,C00065,14352,MW003371,Train Movement,00:21,01:20,13,21
391,BR002803,TMS003606,COA000298,C00065,50154,MW007803,Train Movement,00:53,02:27,12,57
392,BR002812,TMS003616,COA000884,C00022,16706,MW006832,Train Movement,13:41,16:49,10,137
393,BR002817,TMS003624,COA000899,C00014,55899,MW009673,Train Movement,05:45,08:05,13,61
395,BR002839,TMS003650,COA000229,C00002,54406,MW009203,Train Movement,08:08,10:42,10,77
397,BR002857,TMS003674,COA000752,C00001,16131,MW006071,Train Movement,01:10,07:43,15,111
397,BR002857,TMS003674,COA000752,C00001,77415,MW012935,Train Movement,04:26,15:29,5,111
398,BR002866,TMS003685,COA000936,C00069,98804,MW014884,Train Movement,06:57,15:57,6,122
399,BR002869,TMS003688,COA000129,C00058,52593,MW008499,Train Movement,03:37,05:19,8,37
402,BR002882,TMS003702,COA001230,C00012,12412,MW000639,Train Movement,06:10,07:38,14,45
402,BR002882,TMS003702,COA001230,C00012,50300,MW007860,Train Movement,06:18,09:00,14,37
403,BR002885,TMS003705,COA001155,C00088,53445,MW008901,Train Movement,15:15,17:43,14,7
404,BR002898,TMS003722,COA001387,C00072,56470,MW009844,Train Movement,11:02,13:26,9,105
404,BR002898,TMS003722,COA001387,C00072,76804,MW012798,Train Movement,10:36,13:25,9,105
405,BR002910,TMS003736,COA000412,C00025,68056,MW011989,Train Movement,07:39,17:20,14,8
407,BR002921,TMS003750,COA001351,C00043,78448,MW013107,Train Movement,12:37,13:08,14,12
408,BR002934,TMS003767,COA000111,C00019,13868,MW002733,Train Movement,11:45,13:38,8,26
408,BR002934,TMS003767,COA000111,C00019,51175,MW008080,Train Movement,06:45,10:13,5,49
408,BR002934,TMS003767,COA000111,C00019,53863,MW009087,Train Movement,07:00,10:32,12,75
409,BR002936,TMS003770,COA001044,C00098,53617,MW009000,Train Movement,17:32,17:40,14,36
413,BR002978,TMS003830,COA000882,C00001,13204,MW001695,Train Movement,11:57,17:12,5,2
413,BR002978,TMS003830,COA000882,C00001,13683,MW002378,Train Movement,17:28,22:46,5,38
414,BR002986,TMS003840,COA000189,C00041,15930,MW005818,Train Movement,04:18,04:57,5,37
415,BR002993,TMS003847,COA001127,C00078,13257,MW001754,Train Movement,11:14,12:56,8,13
415,BR002993,TMS003847,COA001127,C00078,92449,MW013868,Train Movement,13:19,17:33,8,68
420,BR003013,TMS003873,COA000669,C00067,55144,MW009400,Train Movement,01:18,04:16,10,96
422,BR003038,TMS003908,COA001372,C00051,95418,MW014396,Train Movement,15:21,17:47,10,124
423,BR003039,TMS003909,COA000488,C00061,15210,MW004699,Train Movement,08:04,09:08,15,4
424,BR003043,TMS003913,COA001170,C00072,14380,MW003434,Train Movement,13:16,14:58,10,122
424,BR003043,TMS003913,COA001170,C00072,59354,MW010791,Train Movement,14:46,17:25,11,33
425,BR003044,TMS003914,COA000310,C00094,15105,MW004491,Train Movement,14:38,17:37,13,129
428,BR003073,TMS003947,COA001170,C00072,14380,MW003434,Train Movement,13:16,14:58,10,122
428,BR003073,TMS003947,COA001170,C00072,59354,MW010791,Train Movement,14:46,17:25,11,51
431,BR003096,TMS003973,COA001393,C00068,50174,MW007807,Train Movement,08:48,12:09,7,31
432,BR003098,TMS003975,COA000030,C00063,12077,MW000124,Train Movement,09:32,11:25,9,11
434,BR003101,TMS003978,COA001021,C00066,15008,MW004357,Train Movement,00:58,01:53,7,69
436,BR003107,TMS003986,COA001500,C00046,13078,MW001485,Train Movement,12:15,12:35,8,36
438,BR003131,TMS004020,COA000899,C00014,55899,MW009673,Train Movement,05:45,08:05,13,14
439,BR003136,TMS004025,COA001317,C00091,12036,MW000049,Train Movement,05:07,07:49,7,57
439,BR003136,TMS004025,COA001317,C00091,15213,MW004709,Train Movement,02:28,05:55,10,65
440,BR003145,TMS004038,COA000298,C00065,13177,MW001638,Train Movement,02:14,03:06,13,62
440,BR003145,TMS004038,COA000298,C00065,14352,MW003371,Train Movement,00:21,01:20,13,21
440,BR003145,TMS004038,COA000298,C00065,50154,MW007803,Train Movement,00:53,02:27,12,87
441,BR003155,TMS004052,COA000311,C00005,53471,MW008933,Train Movement,00:07,03:02,5,31
442,BR003159,TMS004057,COA001442,C00069,52282,MW008402,Train Movement,11:41,18:40,8,92
442,BR003159,TMS004057,COA001442,C00069,92673,MW013919,Train Movement,09:37,18:31,14,92
444,BR003180,TMS004087,COA001303,C00090,16592,MW006731,Train Movement,14:13,15:38,15,21
444,BR003180,TMS004087,COA001303,C00090,16917,MW007226,Train Movement,17:13,18:37,10,27
444,BR003180,TMS004087,COA001303,C00090,52596,MW008513,Train Movement,15:42,17:48,12,118
444,BR003180,TMS004087,COA001303,C00090,69102,MW012282,Train Movement,13:40,15:54,12,34
445,BR003190,TMS004102,COA000878,C00025,51023,MW008043,Train Movement,05:37,14:48,10,35
445,BR003190,TMS004102,COA000878,C00025,55709,MW009561,Train Movement,04:35,13:40,9,35
445,BR003190,TMS004102,COA000878,C00025,56900,MW009981,Train Movement,01:57,11:06,6,30
445,BR003190,TMS004102,COA000878,C00025,68060,MW011999,Train Movement,09:53,19:35,13,35
445,BR003190,TMS004102,COA000878,C00025,78365,MW013090,Train Movement,08:27,18:40,13,35
446,BR003195,TMS004108,COA001284,C00054,50803,MW008009,Train Movement,09:03,10:02,15,49
446,BR003195,TMS004108,COA001284,C00054,97841,MW014717,Train Movement,07:56,09:19,14,5
447,BR003196,TMS004109,COA001070,C00031,13593,MW002230,Train Movement,16:22,17:28,15,82
447,BR003196,TMS004109,COA001070,C00031,16912,MW007218,Train Movement,14:30,15:56,9,71
452,BR003220,TMS004143,COA000685,C00100,16679,MW006808,Train Movement,07:13,07:25,12,36
453,BR003228,TMS004151,COA000080,C00066,12336,MW000470,Train Movement,18:55,19:42,7,61
453,BR003228,TMS004151,COA000080,C00066,16241,MW006189,Train Movement,19:58,20:58,14,39
454,BR003229,TMS004152,COA001020,C00001,13671,MW002339,Train Movement,03:39,08:52,8,66
454,BR003229,TMS004152,COA001020,C00001,15774,MW005609,Train Movement,03:56,10:27,10,66
459,BR003261,TMS004200,COA000026,C00093,54438,MW009226,Train Movement,01:25,03:22,10,46
463,BR003279,TMS004222,COA001433,C00024,12450,MW000663,Train Movement,04:57,06:06,8,57
463,BR003279,TMS004222,COA001433,C00024,68377,MW012125,Train Movement,05:56,08:17,8,80
466,BR003301,TMS004251,COA000477,C00050,14202,MW003140,Train Movement,20:13,21:07,13,21
466,BR003301,TMS004251,COA000477,C00050,16817,MW007032,Train Movement,17:36,18:37,13,26
466,BR003301,TMS004251,COA000477,C00050,53335,MW008813,Train Movement,17:35,19:06,10,52
467,BR003316,TMS004273,COA001361,C00083,51525,MW008183,Train Movement,07:45,10:17,14,1
471,BR003337,TMS004298,COA000347,C00002,13057,MW001456,Train Movement,02:19,03:39,10,26
472,BR003337,TMS004298,COA000898,C00002,13057,MW001456,Train Movement,02:19,03:39,10,33
473,BR003338,TMS004299,COA001422,C00095,12025,MW000033,Train Movement,04:43,05:57,15,80
473,BR003338,TMS004299,COA001422,C00095,98376,MW014806,Train Movement,04:33,07:48,5,80
474,BR003340,TMS004301,COA001433,C00024,12450,MW000663,Train Movement,04:57,06:06,8,57
474,BR003340,TMS004301,COA001433,C00024,68377,MW012125,Train Movement,05:56,08:17,8,64
475,BR003355,TMS004318,COA000858,C00016,15217,MW004715,Train Movement,00:50,02:00,13,2
476,BR003381,TMS004352,COA000277,C00010,58116,MW010376,Train Movement,01:14,03:19,7,90
482,BR003413,TMS004387,COA001399,C00052,15082,MW004434,Train Movement,14:22,17:32,11,35
484,BR003426,TMS004403,COA000012,C00096,14265,MW003236,Train Movement,13:16,15:21,10,64
484,BR003426,TMS004403,COA000012,C00096,59887,MW010927,Train Movement,10:52,14:04,5,46
484,BR003426,TMS004403,COA000012,C00096,67608,MW011856,Train Movement,10:23,13:36,13,26
484,BR003426,TMS004403,COA000012,C00096,99297,MW014958,Train Movement,13:33,18:03,5,59
489,BR003457,TMS004445,COA001469,C00077,15624,MW005426,Train Movement,19:37,20:40,13,66
491,BR003463,TMS004452,COA000587,C00097,69628,MW012444,Train Movement,05:00,05:45,10,38
492,BR003463,TMS004452,COA000691,C00097,13923,MW002806,Train Movement,19:47,20:13,13,25
493,BR003464,TMS004453,COA001195,C00074,57042,MW010013,Train Movement,07:33,08:06,11,49
494,BR003465,TMS004454,COA001041,C00072,52770,MW008586,Train Movement,09:49,12:19,9,43
494,BR003465,TMS004454,COA001041,C00072,98198,MW014771,Train Movement,09:13,12:46,14,43
496,BR003473,TMS004466,COA001499,C00093,14809,MW004085,Train Movement,10:16,11:39,11,93
497,BR003475,TMS004470,COA000123,C00065,54092,MW009177,Train Movement,14:52,16:19,7,20
497,BR003475,TMS004470,COA000123,C00065,59321,MW010760,Train Movement,15:26,16:55,7,56
498,BR003475,TMS004470,COA000222,C00065,54092,MW009177,Train Movement,14:52,16:19,7,59
498,BR003475,TMS004470,COA000222,C00065,59321,MW010760,Train Movement,15:26,16:55,7,61
500,BR003490,TMS004487,COA000405,C00043,67608,MW011860,Train Movement,09:00,09:32,10,5
501,BR003493,TMS004490,COA000580,C00005,54087,MW009164,Train Movement,08:00,10:59,9,60
502,BR003497,TMS004494,COA000617,C00092,14711,MW003882,Train Movement,12:52,14:23,15,35
508,BR003573,TMS004587,COA000901,C00057,58524,MW010514,Train Movement,08:23,11:24,12,8
508,BR003573,TMS004587,COA000901,C00057,95431,MW014408,Train Movement,10:23,14:23,6,56
510,BR003583,TMS004599,COA000111,C00019,13868,MW002733,Train Movement,11:45,13:38,8,22
510,BR003583,TMS004599,COA000111,C00019,51175,MW008080,Train Movement,06:45,10:13,5,49
510,BR003583,TMS004599,COA000111,C00019,53863,MW009087,Train Movement,07:00,10:32,12,75
511,BR003596,TMS004614,COA000579,C00061,69456,MW012409,Train Movement,19:49,21:31,7,40
512,BR003596,TMS004614,COA001166,C00061,12727,MW001034,Train Movement,13:47,14:40,9,8
516,BR003633,TMS004664,COA001317,C00091,12036,MW000049,Train Movement,05:07,07:49,7,95
516,BR003633,TMS004664,COA001317,C00091,15213,MW004709,Train Movement,02:28,05:55,10,73
522,BR003691,TMS004735,COA001066,C00058,15420,MW005069,Train Movement,18:02,19:09,7,55
522,BR003691,TMS004735,COA001066,C00058,52599,MW008527,Train Movement,18:10,19:55,14,54
526,BR003720,TMS004770,COA000838,C00060,98237,MW014787,Train Movement,07:17,09:03,6,5
527,BR003720,TMS004770,COA001065,C00060,13770,MW002530,Train Movement,00:34,01:15,12,59
527,BR003720,TMS004770,COA001065,C00060,57114,MW010042,Train Movement,02:03,03:07,14,25
530,BR003734,TMS004790,COA000253,C00063,69664,MW012476,Train Movement,10:47,14:34,7,15
535,BR003759,TMS004818,COA000724,C00001,12865,MW001236,Train Movement,14:43,19:57,14,51
536,BR003764,TMS004824,COA001439,C00026,15087,MW004449,Train Movement,08:03,14:08,11,28
536,BR003764,TMS004824,COA001439,C00026,67230,MW011664,Train Movement,13:02,22:43,14,39
536,BR003764,TMS004824,COA001439,C00026,75713,MW012661,Train Movement,04:19,14:34,12,39
537,BR003775,TMS004839,COA001261,C00049,13773,MW002550,Train Movement,03:20,04:48,7,20
537,BR003775,TMS004839,COA001261,C00049,14693,MW003861,Train Movement,05:16,07:07,6,52
537,BR003775,TMS004839,COA001261,C00049,15483,MW005184,Train Movement,04:15,06:04,15,87
537,BR003775,TMS004839,COA001261,C00049,16320,MW006345,Train Movement,05:01,06:49,12,73
538,BR003790,TMS004857,COA001460,C00025,13292,MW001810,Train Movement,08:30,13:21,14,39
538,BR003790,TMS004857,COA001460,C00025,95418,MW014402,Train Movement,02:51,14:36,14,114
539,BR003795,TMS004863,COA001330,C00007,65111,MW011035,Train Movement,18:27,23:03,13,175
543,BR003816,TMS004886,COA000020,C00057,51995,MW008346,Train Movement,01:17,04:23,8,31
543,BR003816,TMS004886,COA000020,C00057,55144,MW009392,Train Movement,01:27,04:27,11,38
544,BR003821,TMS004892,COA000071,C00034,53165,MW008772,Train Movement,18:19,19:10,8,67
545,BR003862,TMS004942,COA001051,C00088,14112,MW003029,Train Movement,09:34,11:13,9,41
545,BR003862,TMS004942,COA001051,C00088,55595,MW009519,Train Movement,07:16,09:37,9,67
547,BR003864,TMS004945,COA001452,C00039,13771,MW002537,Train Movement,04:38,05:05,15,7
547,BR003864,TMS004945,COA001452,C00039,99943,MW015044,Train Movement,01:15,02:35,10,26
548,BR003877,TMS004960,COA000795,C00016,53924,MW009119,Train Movement,17:05,18:51,7,17
549,BR003881,TMS004966,COA000470,C00019,75134,MW012554,Train Movement,08:01,11:50,14,95
550,BR003890,TMS004977,COA000462,C00027,14751,MW003960,Train Movement,15:44,18:04,7,81
555,BR003929,TMS005030,COA001304,C00073,12077,MW000127,Train Movement,15:10,16:52,8,93
555,BR003929,TMS005030,COA001304,C00073,13401,MW001934,Train Movement,17:08,18:52,5,7
561,BR003951,TMS005058,COA000751,C00072,52878,MW008623,Train Movement,05:29,08:05,12,86
561,BR003951,TMS005058,COA000751,C00072,78609,MW013146,Train Movement,07:04,09:54,14,8
563,BR003994,TMS005116,COA000873,C00027,65374,MW011156,Train Movement,02:23,06:14,12,88
563,BR003994,TMS005116,COA000873,C00027,79381,MW013326,Train Movement,00:55,04:57,11,10
564,BR003995,TMS005117,COA000479,C00074,59949,MW010942,Train Movement,03:04,03:34,12,15
565,BR003997,TMS005121,COA000203,C00091,52371,MW008445,Train Movement,10:16,15:33,6,140
565,BR003997,TMS005121,COA000203,C00091,96658,MW014568,Train Movement,09:16,16:16,9,140
567,BR004002,TMS005128,COA001155,C00088,53445,MW008901,Train Movement,15:15,17:43,14,19
569,BR004016,TMS005147,COA001286,C00080,51740,MW008250,Train Movement,13:35,15:23,15,8
570,BR004018,TMS005150,COA001253,C00014,16816,MW007017,Train Movement,07:26,08:57,8,66
570,BR004018,TMS005150,COA001253,C00014,79032,MW013205,Train Movement,08:01,10:41,6,29
571,BR004019,TMS005152,COA000140,C00048,13533,MW002143,Train Movement,07:17,08:50,7,19
572,BR004020,TMS005153,COA000150,C00087,14553,MW003662,Train Movement,06:31,09:19,10,59
572,BR004020,TMS005153,COA000150,C00087,15200,MW004665,Train Movement,04:26,07:17,11,121
572,BR004020,TMS005153,COA000150,C00087,97289,MW014661,Train Movement,05:55,11:11,15,100
573,BR004020,TMS005153,COA000234,C00087,15200,MW004665,Train Movement,04:26,07:17,11,45
574,BR004028,TMS005163,COA001088,C00060,14894,MW004187,Train Movement,10:38,11:29,12,42
575,BR004071,TMS005221,COA001308,C00090,17814,MW007678,Train Movement,03:40,04:39,5,69
575,BR004071,TMS005221,COA001308,C00090,50059,MW007778,Train Movement,04:09,06:13,12,73
576,BR004083,TMS005235,COA001206,C00057,14968,MW004306,Train Movement,18:08,20:09,15,112
576,BR004083,TMS005235,COA001206,C00057,57184,MW010075,Train Movement,19:12,22:14,14,97
577,BR004109,TMS005274,COA001200,C00030,54482,MW009230,Train Movement,16:26,19:13,10,57
579,BR004120,TMS005289,COA001155,C00088,53445,MW008901,Train Movement,15:15,17:43,14,3
581,BR004142,TMS005322,COA000356,C00033,78448,MW013110,Train Movement,01:16,04:05,12,27
581,BR004142,TMS005322,COA000356,C00033,79364,MW013311,Train Movement,02:36,05:25,13,108
582,BR004145,TMS005327,COA000430,C00049,51864,MW008313,Train Movement,11:05,13:44,5,21
583,BR004156,TMS005340,COA000806,C00048,14826,MW004126,Train Movement,16:27,18:22,6,118
583,BR004156,TMS005340,COA000806,C00048,67651,MW011868,Train Movement,15:11,18:14,13,117
584,BR004178,TMS005366,COA000021,C00086,13493,MW002077,Train Movement,13:55,16:50,7,40
584,BR004178,TMS005366,COA000021,C00086,52596,MW008512,Train Movement,10:08,15:42,9,40
584,BR004178,TMS005366,COA000021,C00086,69571,MW012430,Train Movement,14:47,20:40,9,40
585,BR004178,TMS005366,COA000527,C00086,54538,MW009263,Train Movement,05:09,10:42,13,35
586,BR004181,TMS005369,COA000861,C00038,15174,MW004600,Train Movement,11:12,14:22,11,112
587,BR004186,TMS005374,COA001130,C00097,55644,MW009536,Train Movement,21:18,22:07,8,3
588,BR004190,TMS005380,COA000179,C00082,14226,MW003207,Train Movement,10:53,13:03,11,93
589,BR004195,TMS005385,COA001360,C00081,52978,MW008678,Train Movement,05:27,07:17,7,19
590,BR004197,TMS005388,COA000177,C00040,55588,MW009510,Train Movement,07:00,09:28,13,10
591,BR004214,TMS005406,COA000527,C00086,13394,MW001893,Train Movement,06:22,09:21,12,21
591,BR004214,TMS005406,COA000527,C00086,54538,MW009263,Train Movement,05:09,10:42,13,95
594,BR004228,TMS005423,COA001065,C00060,13770,MW002530,Train Movement,00:34,01:15,12,59
594,BR004228,TMS005423,COA001065,C00060,57114,MW010042,Train Movement,02:03,03:07,14,16
596,BR004234,TMS005432,COA000780,C00059,15671,MW005484,Train Movement,14:11,17:49,8,98
596,BR004234,TMS005432,COA000780,C00059,52693,MW008563,Train Movement,13:02,18:31,9,98
598,BR004252,TMS005455,COA001330,C00007,65111,MW011035,Train Movement,18:27,23:03,13,74
600,BR004319,TMS005531,COA000020,C00057,14366,MW003395,Train Movement,05:30,07:31,5,8
600,BR004319,TMS005531,COA000020,C00057,51995,MW008346,Train Movement,01:17,04:23,8,31
600,BR004319,TMS005531,COA000020,C00057,55144,MW009392,Train Movement,01:27,04:27,11,38
601,BR004321,TMS005533,COA000426,C00075,13871,MW002738,Train Movement,02:15,04:01,11,33
601,BR004321,TMS005533,COA000426,C00075,55491,MW009479,Train Movement,03:20,06:37,13,42
601,BR004321,TMS005533,COA000426,C00075,93232,MW014030,Train Movement,03:27,08:00,5,42
602,BR004328,TMS005540,COA000287,C00095,57801,MW010264,Train Movement,13:18,15:32,5,61
603,BR004328,TMS005540,COA001215,C00095,12107,MW000157,Train Movement,02:14,03:28,10,75
603,BR004328,TMS005540,COA001215,C00095,16225,MW006155,Train Movement,02:28,03:58,9,75
604,BR004336,TMS005551,COA001375,C00064,16069,MW006008,Train Movement,06:18,09:03,5,21
605,BR004340,TMS005556,COA001139,C00088,56202,MW009734,Train Movement,07:42,10:13,11,43
606,BR004342,TMS005558,COA001212,C00029,12663,MW000906,Train Movement,04:36,05:51,14,103
606,BR004342,TMS005558,COA001212,C00029,12972,MW001342,Train Movement,05:59,07:16,6,37
606,BR004342,TMS005558,COA001212,C00029,13684,MW002386,Train Movement,05:59,07:13,10,41
607,BR004359,TMS005581,COA000058,C00081,53165,MW008770,Train Movement,11:48,13:36,9,52
610,BR004361,TMS005583,COA001463,C00026,91606,MW013690,Train Movement,10:50,22:35,6,48
610,BR004361,TMS005583,COA001463,C00026,93025,MW013965,Train Movement,10:04,22:19,14,102
610,BR004361,TMS005583,COA001463,C00026,94638,MW014241,Train Movement,06:40,18:40,11,106
616,BR004385,TMS005616,COA000308,C00041,12828,MW001141,Train Movement,15:17,15:44,13,4
617,BR004397,TMS005629,COA001463,C00026,91606,MW013690,Train Movement,10:50,22:35,6,39
617,BR004397,TMS005629,COA001463,C00026,93025,MW013965,Train Movement,10:04,22:19,14,93
617,BR004397,TMS005629,COA001463,C00026,94638,MW014241,Train Movement,06:40,18:40,11,97
621,BR004458,TMS005714,COA001375,C00064,16069,MW006008,Train Movement,06:18,09:03,5,21
623,BR004466,TMS005724,COA001114,C00066,50328,MW007867,Train Movement,15:09,16:37,14,46
625,BR004483,TMS005748,COA001426,C00081,66447,MW011466,Train Movement,14:30,16:26,12,45
627,BR004500,TMS005767,COA001346,C00085,13738,MW002519,Train Movement,14:40,17:33,5,131
627,BR004500,TMS005767,COA001346,C00085,53597,MW008991,Train Movement,15:57,21:23,13,62
627,BR004500,TMS005767,COA001346,C00085,55595,MW009520,Train Movement,09:37,15:13,15,59
627,BR004500,TMS005767,COA001346,C00085,92171,MW013792,Train Movement,15:38,22:49,7,75
628,BR004507,TMS005775,COA000073,C00059,14799,MW004051,Train Movement,07:41,11:21,11,69
628,BR004507,TMS005775,COA000073,C00059,52599,MW008523,Train Movement,05:34,11:13,10,101
630,BR004509,TMS005778,COA000336,C00080,14694,MW003877,Train Movement,03:46,04:59,14,45
631,BR004514,TMS005784,COA000465,C00025,14203,MW003149,Train Movement,09:59,16:02,10,63
631,BR004514,TMS005784,COA000465,C00025,51794,MW008278,Train Movement,11:09,20:17,14,63
631,BR004514,TMS005784,COA000465,C00025,57767,MW010247,Train Movement,07:25,16:34,14,63
632,BR004514,TMS005784,COA000574,C00025,14203,MW003149,Train Movement,09:59,16:02,10,63
632,BR004514,TMS005784,COA000574,C00025,51794,MW008278,Train Movement,11:09,20:17,14,63
632,BR004514,TMS005784,COA000574,C00025,57767,MW010247,Train Movement,07:25,16:34,14,63
634,BR004524,TMS005796,COA000642,C00086,76252,MW012688,Train Movement,08:29,14:35,10,44
635,BR004524,TMS005796,COA001265,C00086,76252,MW012688,Train Movement,08:29,14:35,10,37
637,BR004547,TMS005824,COA000117,C00053,67250,MW011686,Train Movement,08:11,11:18,8,6
637,BR004547,TMS005824,COA000117,C00053,68039,MW011975,Train Movement,05:46,08:51,11,144
638,BR004549,TMS005827,COA000068,C00023,15666,MW005480,Train Movement,07:38,08:19,15,71
638,BR004549,TMS005827,COA000068,C00023,99670,MW015021,Train Movement,06:47,08:32,8,101
641,BR004581,TMS005872,COA000476,C00077,98774,MW014874,Train Movement,06:54,09:11,9,31
647,BR004638,TMS005950,COA001305,C00082,67608,MW011859,Train Movement,04:31,07:50,13,94
647,BR004638,TMS005950,COA001305,C00082,77682,MW012981,Train Movement,05:42,09:15,10,82
648,BR004648,TMS005962,COA000908,C00089,15058,MW004397,Train Movement,06:47,08:19,14,45
648,BR004648,TMS005962,COA000908,C00089,16057,MW005969,Train Movement,08:33,10:04,14,77
648,BR004648,TMS005962,COA000908,C00089,55588,MW009517,Train Movement,07:10,09:20,6,98
648,BR004648,TMS005962,COA000908,C00089,66486,MW011483,Train Movement,07:07,09:17,13,102
659,BR004705,SMMS000036,COA000296,C00041,76559,MW012750,Train Movement,09:40,10:38,10,66
660,BR004706,SMMS000037,COA000899,C00014,55899,MW009673,Train Movement,05:45,08:05,13,68
662,BR004714,SMMS000046,COA001464,C00030,52390,MW008465,Train Movement,13:07,16:00,8,86
663,BR004722,SMMS000059,COA000691,C00097,13923,MW002806,Train Movement,19:47,20:13,13,52
663,BR004722,SMMS000059,COA000691,C00097,16081,MW006037,Train Movement,20:34,21:10,14,13
666,BR004730,SMMS000067,COA000119,C00003,75168,MW012590,Train Movement,14:37,16:56,5,24
671,BR004748,SMMS000097,COA001360,C00081,52978,MW008678,Train Movement,05:27,07:17,7,47
675,BR004775,SMMS000133,COA001127,C00078,13257,MW001754,Train Movement,11:14,12:56,8,13
675,BR004775,SMMS000133,COA001127,C00078,92449,MW013868,Train Movement,13:19,17:33,8,63
677,BR004779,SMMS000139,COA001155,C00088,53445,MW008901,Train Movement,15:15,17:43,14,10
680,BR004820,SMMS000197,COA000643,C00085,78732,MW013169,Train Movement,15:10,21:12,5,62
681,BR004820,SMMS000197,COA000847,C00085,78732,MW013169,Train Movement,15:10,21:12,5,62
682,BR004824,SMMS000204,COA000666,C00091,15320,MW004906,Train Movement,07:32,11:00,13,50
683,BR004828,SMMS000209,COA000136,C00023,57366,MW010132,Train Movement,09:01,09:57,15,8
685,BR004857,SMMS000242,COA000117,C00053,68039,MW011975,Train Movement,05:46,08:51,11,67
686,BR004863,SMMS000251,COA000898,C00002,13057,MW001456,Train Movement,02:19,03:39,10,33
687,BR004864,SMMS000253,COA001154,C00091,15120,MW004531,Train Movement,14:39,18:06,9,96
687,BR004864,SMMS000253,COA001154,C00091,94660,MW014247,Train Movement,14:45,21:17,11,96
692,BR004872,SMMS000263,COA000344,C00077,67961,MW011920,Train Movement,06:13,07:56,14,3
696,BR004920,SMMS000325,COA001469,C00077,15624,MW005426,Train Movement,19:37,20:40,13,66
697,BR004930,SMMS000337,COA000600,C00030,51995,MW008341,Train Movement,07:43,10:28,11,27
699,BR004942,SMMS000354,COA001476,C00032,54092,MW009182,Train Movement,07:27,08:06,10,3
700,BR004943,SMMS000355,COA000690,C00011,13985,MW002892,Train Movement,12:15,16:03,13,44
700,BR004943,SMMS000355,COA000690,C00011,16297,MW006312,Train Movement,14:01,18:38,12,122
700,BR004943,SMMS000355,COA000690,C00011,67363,MW011737,Train Movement,08:20,15:40,14,22
700,BR004943,SMMS000355,COA000690,C00011,79032,MW013209,Train Movement,09:36,17:26,7,121
700,BR004943,SMMS000355,COA000690,C00011,79771,MW013369,Train Movement,07:33,15:21,12,1
701,BR004961,SMMS000380,COA000356,C00033,78448,MW013110,Train Movement,01:16,04:05,12,27
701,BR004961,SMMS000380,COA000356,C00033,79364,MW013311,Train Movement,02:36,05:25,13,39
706,BR004973,SMMS000396,COA000063,C00085,14451,MW003505,Train Movement,04:19,07:57,9,77
706,BR004973,SMMS000396,COA000063,C00085,15827,MW005662,Train Movement,03:15,06:57,13,66
706,BR004973,SMMS000396,COA000063,C00085,59514,MW010800,Train Movement,01:01,06:26,9,31
706,BR004973,SMMS000396,COA000063,C00085,69909,MW012539,Train Movement,07:24,13:15,6,3
707,BR004977,SMMS000401,COA001044,C00098,53617,MW009000,Train Movement,17:32,17:40,14,36
708,BR004980,SMMS000404,COA000617,C00092,14711,MW003882,Train Movement,12:52,14:23,15,65
709,BR004984,SMMS000411,COA000551,C00025,16048,MW005936,Train Movement,15:30,21:35,9,111
709,BR004984,SMMS000411,COA000551,C00025,16839,MW007093,Train Movement,13:13,19:19,6,39
709,BR004984,SMMS000411,COA000551,C00025,75652,MW012647,Train Movement,08:41,18:50,15,19
710,BR004986,SMMS000413,COA001319,C00050,66581,MW011526,Train Movement,18:01,19:31,8,73
713,BR005028,SMMS000471,COA001315,C00053,12376,MW000563,Train Movement,11:32,13:09,7,78
713,BR005028,SMMS000471,COA001315,C00053,16818,MW007045,Train Movement,14:09,16:07,6,1
714,BR005029,SMMS000472,COA000180,C00095,93265,MW014045,Train Movement,03:06,06:22,5,88
717,BR005041,SMMS000489,COA000311,C00005,53471,MW008933,Train Movement,00:07,03:02,5,31
719,BR005055,SMMS000506,COA000476,C00077,98774,MW014874,Train Movement,06:54,09:11,9,42
722,BR005076,SMMS000533,COA000997,C00096,13247,MW001737,Train Movement,05:18,06:56,9,78
722,BR005076,SMMS000533,COA000997,C00096,16816,MW007025,Train Movement,04:46,06:55,6,74
723,BR005085,SMMS000546,COA000013,C00068,16098,MW006042,Train Movement,05:54,08:08,14,29
727,BR005105,SMMS000571,COA001412,C00034,50053,MW007761,Train Movement,07:07,07:57,14,43
728,BR005117,SMMS000584,COA001044,C00098,53617,MW009000,Train Movement,17:32,17:40,14,36
731,BR005126,SMMS000595,COA000958,C00052,14902,MW004219,Train Movement,05:19,08:31,14,6
731,BR005126,SMMS000595,COA000958,C00052,16826,MW007064,Train Movement,00:59,04:08,13,43
733,BR005145,SMMS000620,COA000241,C00026,13497,MW002080,Train Movement,16:29,21:19,10,108
733,BR005145,SMMS000620,COA000241,C00026,14352,MW003369,Train Movement,15:59,22:03,10,108
733,BR005145,SMMS000620,COA000241,C00026,78687,MW013166,Train Movement,06:34,16:48,6,22
737,BR005158,SMMS000639,COA000069,C00056,16340,MW006391,Train Movement,10:52,11:29,15,45
739,BR005166,SMMS000652,COA000437,C00042,67475,MW011785,Train Movement,13:10,15:06,6,49
742,BR005181,SMMS000672,COA000117,C00053,68039,MW011975,Train Movement,05:46,08:51,11,111
743,BR005182,SMMS000673,COA001044,C00098,53617,MW009000,Train Movement,17:32,17:40,14,7
747,BR005214,SMMS000710,COA001459,C00033,55229,MW009404,Train Movement,12:56,15:35,14,93
749,BR005227,SMMS000725,COA000344,C00077,67961,MW011920,Train Movement,06:13,07:56,14,2
751,BR005240,SMMS000743,COA000665,C00010,69391,MW012366,Train Movement,06:44,08:53,13,22
754,BR005256,SMMS000764,COA000289,C00014,79342,MW013305,Train Movement,06:33,09:09,14,134
758,BR005339,SMMS000870,COA001436,C00087,16359,MW006408,Train Movement,18:37,21:23,12,102
758,BR005339,SMMS000870,COA001436,C00087,16374,MW006434,Train Movement,20:41,23:24,9,15
761,BR005356,SMMS000888,COA001500,C00046,13078,MW001485,Train Movement,12:15,12:35,8,36
762,BR005364,SMMS000900,COA000622,C00022,14679,MW003826,Train Movement,04:15,07:17,15,78
762,BR005364,SMMS000900,COA000622,C00022,17963,MW007725,Train Movement,01:29,03:52,7,95
762,BR005364,SMMS000900,COA000622,C00022,96491,MW014549,Train Movement,00:21,06:24,13,174
763,BR005367,SMMS000905,COA000981,C00084,12920,MW001286,Train Movement,13:04,16:41,10,160
763,BR005367,SMMS000905,COA000981,C00084,14903,MW004228,Train Movement,12:14,16:54,8,160
763,BR005367,SMMS000905,COA000981,C00084,16336,MW006376,Train Movement,15:47,20:23,7,24
763,BR005367,SMMS000905,COA000981,C00084,52670,MW008556,Train Movement,08:42,15:38,5,139
763,BR005367,SMMS000905,COA000981,C00084,57222,MW010082,Train Movement,08:42,15:39,12,147
764,BR005373,SMMS000911,COA001249,C00083,68680,MW012187,Train Movement,00:52,03:30,15,51
764,BR005373,SMMS000911,COA001249,C00083,97289,MW014665,Train Movement,01:33,04:49,12,7
767,BR005393,SMMS000934,COA001288,C00085,16822,MW007052,Train Movement,08:43,12:23,6,60
768,BR005394,SMMS000935,COA000678,C00048,53335,MW008820,Train Movement,11:49,14:41,10,9
769,BR005394,SMMS000935,COA001386,C00048,93265,MW014048,Train Movement,17:33,21:36,14,38
770,BR005401,SMMS000945,COA000890,C00005,54438,MW009217,Train Movement,11:27,14:22,6,61
771,BR005404,SMMS000948,COA001195,C00074,14463,MW003541,Train Movement,09:39,10:02,8,4
771,BR005404,SMMS000948,COA001195,C00074,57042,MW010013,Train Movement,07:33,08:06,11,49
772,BR005405,SMMS000950,COA000873,C00027,12014,MW000008,Train Movement,07:40,09:37,14,6
772,BR005405,SMMS000950,COA000873,C00027,65374,MW011156,Train Movement,02:23,06:14,12,88
772,BR005405,SMMS000950,COA000873,C00027,79381,MW013326,Train Movement,00:55,04:57,11,10
773,BR005408,SMMS000953,COA000705,C00069,14961,MW004286,Train Movement,10:18,14:58,7,110
773,BR005408,SMMS000953,COA000705,C00069,16048,MW005941,Train Movement,11:38,16:18,8,31
774,BR005429,SMMS000974,COA000354,C00003,50047,MW007750,Train Movement,10:12,12:15,7,86
776,BR005432,SMMS000978,COA001346,C00085,13738,MW002519,Train Movement,14:40,17:33,5,85
776,BR005432,SMMS000978,COA001346,C00085,53597,MW008991,Train Movement,15:57,21:23,13,16
776,BR005432,SMMS000978,COA001346,C00085,55595,MW009520,Train Movement,09:37,15:13,15,59
776,BR005432,SMMS000978,COA001346,C00085,92171,MW013792,Train Movement,15:38,22:49,7,29
779,BR005436,SMMS000984,COA000151,C00064,54762,MW009314,Train Movement,18:37,22:41,15,62
780,BR005444,SMMS000992,COA000655,C00008,68377,MW012118,Train Movement,02:06,05:19,6,42
782,BR005450,SMMS000999,COA000269,C00016,91660,MW013709,Train Movement,11:58,14:22,7,55
783,BR005466,SMMS001019,COA000967,C00008,16954,MW007283,Train Movement,03:00,05:06,14,71
793,BR005518,SMMS001084,COA000405,C00043,67608,MW011860,Train Movement,09:00,09:32,10,52
794,BR005565,SMMS001143,COA000694,C00011,53936,MW009122,Train Movement,02:30,09:30,13,49
796,BR005604,SMMS001197,COA001331,C00002,17573,MW007602,Train Movement,10:35,11:51,10,53
799,BR005621,SMMS001215,COA001280,C00023,53863,MW009086,Train Movement,06:11,07:00,11,25
799,BR005621,SMMS001215,COA001280,C00023,65943,MW011399,Train Movement,06:03,07:04,5,23
801,BR005634,SMMS001233,COA000626,C00088,14298,MW003266,Train Movement,11:06,12:47,11,62
801,BR005634,SMMS001233,COA000626,C00088,59194,MW010693,Train Movement,08:44,11:11,6,34
803,BR005641,SMMS001245,COA000493,C00055,12189,MW000280,Train Movement,01:53,03:11,12,39
804,BR005641,SMMS001245,COA000533,C00055,16059,MW005973,Train Movement,04:09,05:48,12,8
805,BR005641,SMMS001245,COA000658,C00055,16059,MW005973,Train Movement,04:09,05:48,12,58
807,BR005651,SMMS001256,COA000895,C00040,13838,MW002680,Train Movement,04:30,05:49,10,37
807,BR005651,SMMS001256,COA000895,C00040,54087,MW009163,Train Movement,04:04,06:33,13,37
808,BR005655,SMMS001260,COA000823,C00088,15919,MW005778,Train Movement,15:00,16:45,7,7
812,BR005678,SMMS001297,COA000613,C00081,15174,MW004598,Train Movement,06:57,08:08,15,68
815,BR005705,SMMS001332,COA000093,C00007,12981,MW001367,Train Movement,05:30,07:54,5,69
815,BR005705,SMMS001332,COA000093,C00007,59288,MW010718,Train Movement,01:17,05:48,6,30
815,BR005705,SMMS001332,COA000093,C00007,69391,MW012365,Train Movement,02:03,06:44,9,70
816,BR005705,SMMS001332,COA000553,C00007,59288,MW010718,Train Movement,01:17,05:48,6,1
818,BR005732,SMMS001367,COA000207,C00015,15298,MW004888,Train Movement,08:22,11:12,8,60
818,BR005732,SMMS001367,COA000207,C00015,15613,MW005408,Train Movement,09:29,12:12,6,87
818,BR005732,SMMS001367,COA000207,C00015,65922,MW011374,Train Movement,11:20,15:40,5,32
819,BR005732,SMMS001367,COA001214,C00015,56609,MW009901,Train Movement,14:17,18:23,9,87
819,BR005732,SMMS001367,COA001214,C00015,65094,MW010991,Train Movement,12:33,16:57,11,39
820,BR005744,SMMS001382,COA000141,C00091,17712,MW007645,Train Movement,16:12,18:51,8,40
820,BR005744,SMMS001382,COA000141,C00091,52371,MW008445,Train Movement,10:16,15:33,6,52
820,BR005744,SMMS001382,COA000141,C00091,96658,MW014568,Train Movement,09:16,16:16,9,98
821,BR005744,SMMS001382,COA000203,C00091,52371,MW008445,Train Movement,10:16,15:33,6,117
821,BR005744,SMMS001382,COA000203,C00091,96658,MW014568,Train Movement,09:16,16:16,9,117
823,BR005765,SMMS001407,COA001196,C00003,14570,MW003702,Train Movement,19:53,21:20,12,111
825,BR005793,SMMS001444,COA000584,C00047,54482,MW009234,Train Movement,07:35,09:02,11,58
825,BR005793,SMMS001444,COA000584,C00047,92590,MW013917,Train Movement,05:10,07:18,11,109
827,BR005795,SMMS001446,COA001080,C00091,16102,MW006050,Train Movement,17:14,20:39,12,13
829,BR005806,SMMS001460,COA001044,C00098,53617,MW009000,Train Movement,17:32,17:40,14,5
832,BR005827,SMMS001484,COA000207,C00015,15298,MW004888,Train Movement,08:22,11:12,8,60
832,BR005827,SMMS001484,COA000207,C00015,15613,MW005408,Train Movement,09:29,12:12,6,118
832,BR005827,SMMS001484,COA000207,C00015,65094,MW010991,Train Movement,12:33,16:57,11,12
832,BR005827,SMMS001484,COA000207,C00015,65922,MW011374,Train Movement,11:20,15:40,5,79
834,BR005838,SMMS001495,COA000051,C00095,13541,MW002166,Train Movement,08:25,09:34,13,77
834,BR005838,SMMS001495,COA000051,C00095,14799,MW004061,Train Movement,07:27,08:56,6,32
834,BR005838,SMMS001495,COA000051,C00095,17338,MW007535,Train Movement,10:47,11:56,9,3
834,BR005838,SMMS001495,COA000051,C00095,54438,MW009222,Train Movement,07:21,09:41,11,82
834,BR005838,SMMS001495,COA000051,C00095,93443,MW014080,Train Movement,08:42,12:04,10,129
835,BR005841,SMMS001501,COA000020,C00057,13919,MW002787,Train Movement,06:15,07:49,14,13
835,BR005841,SMMS001501,COA000020,C00057,14366,MW003395,Train Movement,05:30,07:31,5,49
835,BR005841,SMMS001501,COA000020,C00057,51995,MW008346,Train Movement,01:17,04:23,8,31
835,BR005841,SMMS001501,COA000020,C00057,55144,MW009392,Train Movement,01:27,04:27,11,38
836,BR005842,SMMS001502,COA000580,C00005,54087,MW009164,Train Movement,08:00,10:59,9,103
837,BR005850,SMMS001511,COA001044,C00098,53617,MW009000,Train Movement,17:32,17:40,14,17
838,BR005851,SMMS001514,COA000991,C00016,76826,MW012805,Train Movement,19:20,21:18,11,17
838,BR005851,SMMS001514,COA000991,C00016,98818,MW014890,Train Movement,17:28,20:05,15,128
840,BR005853,SMMS001519,COA000879,C00067,16037,MW005923,Train Movement,03:17,05:19,11,32
840,BR005853,SMMS001519,COA000879,C00067,68008,MW011945,Train Movement,02:33,05:48,15,32
842,BR005866,SMMS001534,COA000009,C00042,67961,MW011927,Train Movement,15:13,17:09,9,34
843,BR005867,SMMS001535,COA001333,C00026,14085,MW002970,Train Movement,16:03,22:05,10,115
843,BR005867,SMMS001535,COA001333,C00026,14378,MW003427,Train Movement,15:21,21:22,9,115
843,BR005867,SMMS001535,COA001333,C00026,16405,MW006491,Train Movement,14:30,20:35,11,115
844,BR005867,SMMS001535,COA001406,C00026,13356,MW001866,Train Movement,03:05,07:59,13,105
844,BR005867,SMMS001535,COA001406,C00026,14203,MW003148,Train Movement,03:57,09:59,14,115
844,BR005867,SMMS001535,COA001406,C00026,92490,MW013888,Train Movement,02:03,13:49,11,115
846,BR005869,SMMS001537,COA001393,C00068,50174,MW007807,Train Movement,08:48,12:09,7,31
848,BR005884,SMMS001555,COA000141,C00091,17712,MW007645,Train Movement,16:12,18:51,8,39
848,BR005884,SMMS001555,COA000141,C00091,52371,MW008445,Train Movement,10:16,15:33,6,52
848,BR005884,SMMS001555,COA000141,C00091,96658,MW014568,Train Movement,09:16,16:16,9,98
849,BR005884,SMMS001555,COA000203,C00091,52371,MW008445,Train Movement,10:16,15:33,6,116
849,BR005884,SMMS001555,COA000203,C00091,96658,MW014568,Train Movement,09:16,16:16,9,116
850,BR005914,SMMS001596,COA001010,C00079,65104,MW011016,Train Movement,00:28,01:47,7,48
852,BR005952,SMMS001647,COA000150,C00087,14553,MW003662,Train Movement,06:31,09:19,10,15
852,BR005952,SMMS001647,COA000150,C00087,15200,MW004665,Train Movement,04:26,07:17,11,77
852,BR005952,SMMS001647,COA000150,C00087,97289,MW014661,Train Movement,05:55,11:11,15,56
853,BR005952,SMMS001647,COA000234,C00087,15200,MW004665,Train Movement,04:26,07:17,11,1
855,BR005970,SMMS001668,COA000609,C00064,12586,MW000831,Train Movement,11:31,13:43,11,43
858,BR005993,SMMS001695,COA000405,C00043,67608,MW011860,Train Movement,09:00,09:32,10,23
