block_request_id,task_id,asset_id,department,corridor_id,block_window_id,recommended_date,predicted_priority,priority_category,recommended_start,recommended_end,recommended_duration_min,train_conflict_count,conflict_duration_min,forecast_goods_trains,feasibility,reason_for_recommendation
BR000004,TMS000005,AST001012,Engineering,C00078,COA000722,2025-06-04,67.6893539428711,High,16:28,17:46,78,0,0.0,3.0,FEASIBLE,"Selected by the global CP-SAT optimizer based on maintenance priority, train conflicts, conflict duration, goods-train activity and block constraints."
BR000025,TMS000028,AST001133,Engineering,C00076,COA001405,2025-06-02,59.352386474609375,Medium,19:06,20:56,110,0,0.0,0.0,FEASIBLE,"Selected by the global CP-SAT optimizer based on maintenance priority, train conflicts, conflict duration, goods-train activity and block constraints."
BR000044,TMS000055,AST004019,Engineering,C00066,COA000597,2025-06-25,26.74348258972168,Low,01:08,01:41,33,0,0.0,2.0,FEASIBLE,"Selected by the global CP-SAT optimizer based on maintenance priority, train conflicts, conflict duration, goods-train activity and block constraints."
BR000051,TMS000065,AST000013,Engineering,C00001,COA001199,2025-06-02,77.89313507080078,High,13:23,14:26,63,0,0.0,0.0,FEASIBLE,"Selected by the global CP-SAT optimizer based on maintenance priority, train conflicts, conflict duration, goods-train activity and block constraints."
BR000062,TMS000076,AST002317,Engineering,C00046,COA000796,2025-06-15,54.495582580566406,Medium,05:59,07:58,119,0,0.0,4.0,FEASIBLE,"Selected by the global CP-SAT optimizer based on maintenance priority, train conflicts, conflict duration, goods-train activity and block constraints."
BR000070,TMS000086,AST000036,Engineering,C00017,COA000826,2025-06-20,74.3526382446289,High,03:06,03:59,53,0,0.0,0.0,FEASIBLE,"Selected by the global CP-SAT optimizer based on maintenance priority, train conflicts, conflict duration, goods-train activity and block constraints."
BR000081,TMS000098,AST003042,Engineering,C00006,COA001192,2025-06-01,37.731422424316406,Low,00:40,01:14,34,0,0.0,3.0,FEASIBLE,"Selected by the global CP-SAT optimizer based on maintenance priority, train conflicts, conflict duration, goods-train activity and block constraints."
BR000086,TMS000103,AST004028,Engineering,C00050,COA001121,2025-06-19,30.329280853271484,Low,17:23,18:10,47,0,0.0,5.0,FEASIBLE,"Selected by the global CP-SAT optimizer based on maintenance priority, train conflicts, conflict duration, goods-train activity and block constraints."
BR000110,TMS000132,AST003824,Engineering,C00008,COA001474,2025-06-10,27.067981719970703,Low,19:01,20:14,73,0,0.0,0.0,FEASIBLE,"Selected by the global CP-SAT optimizer based on maintenance priority, train conflicts, conflict duration, goods-train activity and block constraints."
BR000115,TMS000141,AST001048,Engineering,C00093,COA001291,2025-06-13,44.86659240722656,Medium,12:48,14:02,74,0,0.0,4.0,FEASIBLE,"Selected by the global CP-SAT optimizer based on maintenance priority, train conflicts, conflict duration, goods-train activity and block constraints."
BR000132,TMS000162,AST001332,Engineering,C00013,COA001108,2025-06-15,24.421567916870117,Low,00:36,02:38,122,0,0.0,2.0,FEASIBLE,"Selected by the global CP-SAT optimizer based on maintenance priority, train conflicts, conflict duration, goods-train activity and block constraints."
BR000141,TMS000172,AST002249,Engineering,C00053,COA001336,2025-06-11,48.97134780883789,Medium,01:26,02:38,72,0,0.0,4.0,FEASIBLE,"Selected by the global CP-SAT optimizer based on maintenance priority, train conflicts, conflict duration, goods-train activity and block constraints."
BR000172,TMS000210,AST000269,Engineering,C00003,COA001023,2025-06-06,52.04310989379883,Medium,00:41,02:56,135,0,0.0,4.0,FEASIBLE,"Selected by the global CP-SAT optimizer based on maintenance priority, train conflicts, conflict duration, goods-train activity and block constraints."
BR000182,TMS000224,AST001854,Engineering,C00016,COA001302,2025-06-14,41.191001892089844,Medium,05:10,07:50,160,0,0.0,5.0,FEASIBLE,"Selected by the global CP-SAT optimizer based on maintenance priority, train conflicts, conflict duration, goods-train activity and block constraints."
BR000194,TMS000242,AST001537,Engineering,C00040,COA000102,2025-06-22,48.13828659057617,Medium,16:37,18:21,104,0,0.0,0.0,FEASIBLE,"Selected by the global CP-SAT optimizer based on maintenance priority, train conflicts, conflict duration, goods-train activity and block constraints."
BR000197,TMS000245,AST000951,Engineering,C00003,COA000185,2025-06-14,41.93967819213867,Medium,13:27,14:40,73,0,0.0,0.0,FEASIBLE,"Selected by the global CP-SAT optimizer based on maintenance priority, train conflicts, conflict duration, goods-train activity and block constraints."
BR000221,TMS000273,AST004477,Engineering,C00052,COA000126,2025-06-16,63.24244689941406,High,01:15,02:24,69,0,0.0,2.0,FEASIBLE,"Selected by the global CP-SAT optimizer based on maintenance priority, train conflicts, conflict duration, goods-train activity and block constraints."
BR000223,TMS000275,AST001732,Engineering,C00049,COA001043,2025-06-25,32.53102493286133,Low,00:20,00:54,34,0,0.0,3.0,FEASIBLE,"Selected by the global CP-SAT optimizer based on maintenance priority, train conflicts, conflict duration, goods-train activity and block constraints."
BR000227,TMS000279,AST002253,Engineering,C00034,COA000039,2025-06-11,29.0541934967041,Low,00:40,01:27,47,0,0.0,4.0,FEASIBLE,"Selected by the global CP-SAT optimizer based on maintenance priority, train conflicts, conflict duration, goods-train activity and block constraints."
BR000249,TMS000306,AST001532,Engineering,C00002,COA000347,2025-06-26,52.46213150024414,Medium,01:12,02:00,48,0,0.0,0.0,FEASIBLE,"Selected by the global CP-SAT optimizer based on maintenance priority, train conflicts, conflict duration, goods-train activity and block constraints."
BR000259,TMS000319,AST004348,Engineering,C00039,COA000175,2025-06-14,35.69047164916992,Low,06:06,07:50,104,0,0.0,4.0,FEASIBLE,"Selected by the global CP-SAT optimizer based on maintenance priority, train conflicts, conflict duration, goods-train activity and block constraints."
BR000304,TMS000376,AST003204,Engineering,C00037,COA000508,2025-06-06,47.81586837768555,Medium,11:49,12:45,56,0,0.0,2.0,FEASIBLE,"Selected by the global CP-SAT optimizer based on maintenance priority, train conflicts, conflict duration, goods-train activity and block constraints."
BR000335,TMS000422,AST004554,Engineering,C00078,COA000293,2025-06-05,29.119583129882812,Low,03:28,04:44,76,0,0.0,3.0,FEASIBLE,"Selected by the global CP-SAT optimizer based on maintenance priority, train conflicts, conflict duration, goods-train activity and block constraints."
BR000336,TMS000423,AST003516,Engineering,C00055,COA001100,2025-06-28,36.672454833984375,Low,03:12,04:01,49,0,0.0,0.0,FEASIBLE,"Selected by the global CP-SAT optimizer based on maintenance priority, train conflicts, conflict duration, goods-train activity and block constraints."
BR000341,TMS000430,AST002929,Engineering,C00100,COA000848,2025-06-18,47.35833740234375,Medium,00:01,01:06,65,0,0.0,0.0,FEASIBLE,"Selected by the global CP-SAT optimizer based on maintenance priority, train conflicts, conflict duration, goods-train activity and block constraints."
BR000372,TMS000470,AST002160,Engineering,C00018,COA000484,2025-06-23,53.39499282836914,Medium,13:35,15:25,110,0,0.0,5.0,FEASIBLE,"Selected by the global CP-SAT optimizer based on maintenance priority, train conflicts, conflict duration, goods-train activity and block constraints."
BR000404,TMS000510,AST001118,Engineering,C00013,COA001415,2025-06-30,48.35883712768555,Medium,13:30,16:29,179,0,0.0,0.0,FEASIBLE,"Selected by the global CP-SAT optimizer based on maintenance priority, train conflicts, conflict duration, goods-train activity and block constraints."
BR000407,TMS000513,AST000799,Engineering,C00006,COA000103,2025-06-23,66.24956512451172,High,09:21,10:44,83,0,0.0,1.0,FEASIBLE,"Selected by the global CP-SAT optimizer based on maintenance priority, train conflicts, conflict duration, goods-train activity and block constraints."
BR000448,TMS000566,AST004848,Engineering,C00031,COA000306,2025-06-28,36.257686614990234,Low,10:00,10:31,31,0,0.0,0.0,FEASIBLE,"Selected by the global CP-SAT optimizer based on maintenance priority, train conflicts, conflict duration, goods-train activity and block constraints."
BR000455,TMS000574,AST000917,Engineering,C00013,COA000275,2025-06-10,47.91828918457031,Medium,18:46,20:56,130,0,0.0,4.0,FEASIBLE,"Selected by the global CP-SAT optimizer based on maintenance priority, train conflicts, conflict duration, goods-train activity and block constraints."
BR000469,TMS000596,AST000513,Engineering,C00035,COA000765,2025-06-24,57.095848083496094,Medium,07:33,09:48,135,0,0.0,2.0,FEASIBLE,"Selected by the global CP-SAT optimizer based on maintenance priority, train conflicts, conflict duration, goods-train activity and block constraints."
BR000531,TMS000673,AST003211,Engineering,C00003,COA000948,2025-06-23,67.15543365478516,High,02:12,04:47,155,0,0.0,0.0,FEASIBLE,"Selected by the global CP-SAT optimizer based on maintenance priority, train conflicts, conflict duration, goods-train activity and block constraints."
BR000619,TMS000797,AST004551,Engineering,C00002,COA000596,2025-06-22,36.27513122558594,Low,09:06,10:42,96,0,0.0,0.0,FEASIBLE,"Selected by the global CP-SAT optimizer based on maintenance priority, train conflicts, conflict duration, goods-train activity and block constraints."
BR000628,TMS000809,AST000950,Engineering,C00006,COA000586,2025-06-23,84.33378601074219,Critical,16:33,18:40,127,1,21.0,1.0,FEASIBLE,"Selected by the global CP-SAT optimizer based on maintenance priority, train conflicts, conflict duration, goods-train activity and block constraints."
BR000636,TMS000820,AST002763,Engineering,C00081,COA000559,2025-06-03,20.74152374267578,Low,04:45,07:00,135,0,0.0,0.0,FEASIBLE,"Selected by the global CP-SAT optimizer based on maintenance priority, train conflicts, conflict duration, goods-train activity and block constraints."
BR000639,TMS000824,AST002230,Engineering,C00099,COA000614,2025-06-04,53.29069519042969,Medium,10:04,11:16,72,0,0.0,5.0,FEASIBLE,"Selected by the global CP-SAT optimizer based on maintenance priority, train conflicts, conflict duration, goods-train activity and block constraints."
BR000642,TMS000828,AST004301,Engineering,C00017,COA000379,2025-06-04,39.71046829223633,Low,18:06,19:07,61,0,0.0,6.0,FEASIBLE,"Selected by the global CP-SAT optimizer based on maintenance priority, train conflicts, conflict duration, goods-train activity and block constraints."
BR000673,TMS000862,AST004121,Engineering,C00094,COA001471,2025-06-27,34.734703063964844,Low,05:05,05:43,38,0,0.0,0.0,FEASIBLE,"Selected by the global CP-SAT optimizer based on maintenance priority, train conflicts, conflict duration, goods-train activity and block constraints."
BR000691,TMS000888,AST000690,Engineering,C00086,COA000605,2025-06-03,65.4158706665039,High,06:37,08:33,116,0,0.0,0.0,FEASIBLE,"Selected by the global CP-SAT optimizer based on maintenance priority, train conflicts, conflict duration, goods-train activity and block constraints."
BR000804,TMS001043,AST003413,Engineering,C00004,COA000764,2025-06-19,50.48440170288086,Medium,08:12,10:41,149,0,0.0,0.0,FEASIBLE,"Selected by the global CP-SAT optimizer based on maintenance priority, train conflicts, conflict duration, goods-train activity and block constraints."
BR000807,TMS001047,AST000257,Engineering,C00041,COA000939,2025-06-05,50.37519454956055,Medium,07:12,09:47,155,0,0.0,0.0,FEASIBLE,"Selected by the global CP-SAT optimizer based on maintenance priority, train conflicts, conflict duration, goods-train activity and block constraints."
BR000814,TMS001059,AST005247,Engineering,C00077,COA000650,2025-06-26,70.0226058959961,High,06:39,07:34,55,0,0.0,9.0,FEASIBLE,"Selected by the global CP-SAT optimizer based on maintenance priority, train conflicts, conflict duration, goods-train activity and block constraints."
BR000890,TMS001148,AST003224,Engineering,C00044,COA001444,2025-06-16,47.0586051940918,Medium,15:59,17:09,70,0,0.0,4.0,FEASIBLE,"Selected by the global CP-SAT optimizer based on maintenance priority, train conflicts, conflict duration, goods-train activity and block constraints."
BR000911,TMS001185,AST003195,Engineering,C00050,COA001037,2025-06-16,30.02313804626465,Low,14:53,15:39,46,0,0.0,6.0,FEASIBLE,"Selected by the global CP-SAT optimizer based on maintenance priority, train conflicts, conflict duration, goods-train activity and block constraints."
BR000912,TMS001187,AST000019,Engineering,C00100,COA000087,2025-06-28,53.65614318847656,Medium,01:20,02:38,78,0,0.0,0.0,FEASIBLE,"Selected by the global CP-SAT optimizer based on maintenance priority, train conflicts, conflict duration, goods-train activity and block constraints."
BR000913,TMS001188,AST002472,Engineering,C00055,COA000249,2025-06-11,59.123992919921875,Medium,18:27,19:35,68,0,0.0,0.0,FEASIBLE,"Selected by the global CP-SAT optimizer based on maintenance priority, train conflicts, conflict duration, goods-train activity and block constraints."
BR000924,TMS001204,AST001111,Engineering,C00082,COA000623,2025-06-21,37.83534622192383,Low,16:05,16:54,49,0,0.0,0.0,FEASIBLE,"Selected by the global CP-SAT optimizer based on maintenance priority, train conflicts, conflict duration, goods-train activity and block constraints."
BR000939,TMS001224,AST000342,Engineering,C00031,COA000897,2025-06-16,34.760005950927734,Low,00:38,03:14,156,0,0.0,2.0,FEASIBLE,"Selected by the global CP-SAT optimizer based on maintenance priority, train conflicts, conflict duration, goods-train activity and block constraints."
BR000943,TMS001228,AST004592,Engineering,C00043,COA000027,2025-06-18,41.95737838745117,Medium,00:03,02:25,142,0,0.0,0.0,FEASIBLE,"Selected by the global CP-SAT optimizer based on maintenance priority, train conflicts, conflict duration, goods-train activity and block constraints."
BR001002,TMS001302,AST004299,Engineering,C00079,COA001262,2025-06-21,27.148283004760742,Low,01:19,02:36,77,0,0.0,0.0,FEASIBLE,"Selected by the global CP-SAT optimizer based on maintenance priority, train conflicts, conflict duration, goods-train activity and block constraints."
BR001020,TMS001323,AST004078,Engineering,C00097,COA000216,2025-06-20,29.898649215698242,Low,07:55,10:30,155,0,0.0,4.0,FEASIBLE,"Selected by the global CP-SAT optimizer based on maintenance priority, train conflicts, conflict duration, goods-train activity and block constraints."
BR001043,TMS001354,AST003520,Engineering,C00046,COA001429,2025-06-05,44.75938415527344,Medium,05:27,06:56,89,0,0.0,0.0,FEASIBLE,"Selected by the global CP-SAT optimizer based on maintenance priority, train conflicts, conflict duration, goods-train activity and block constraints."
BR001068,TMS001381,AST000086,Engineering,C00042,COA001128,2025-06-08,50.189666748046875,Medium,14:23,16:24,121,0,0.0,0.0,FEASIBLE,"Selected by the global CP-SAT optimizer based on maintenance priority, train conflicts, conflict duration, goods-train activity and block constraints."
BR001077,TMS001393,AST003583,Engineering,C00030,COA000218,2025-06-06,47.58542251586914,Medium,06:33,08:35,122,0,0.0,7.0,FEASIBLE,"Selected by the global CP-SAT optimizer based on maintenance priority, train conflicts, conflict duration, goods-train activity and block constraints."
BR001106,TMS001435,AST002453,Engineering,C00071,COA000731,2025-06-19,33.518157958984375,Low,09:29,09:59,30,0,0.0,2.0,FEASIBLE,"Selected by the global CP-SAT optimizer based on maintenance priority, train conflicts, conflict duration, goods-train activity and block constraints."
BR001168,TMS001524,AST001009,Engineering,C00077,COA001259,2025-06-09,43.06232452392578,Medium,05:05,06:11,66,0,0.0,3.0,FEASIBLE,"Selected by the global CP-SAT optimizer based on maintenance priority, train conflicts, conflict duration, goods-train activity and block constraints."
BR001172,TMS001528,AST002590,Engineering,C00056,COA000270,2025-06-14,36.63232421875,Low,12:58,15:34,156,0,0.0,5.0,FEASIBLE,"Selected by the global CP-SAT optimizer based on maintenance priority, train conflicts, conflict duration, goods-train activity and block constraints."
BR001246,TMS001623,AST003068,Engineering,C00033,COA000649,2025-06-27,53.35737609863281,Medium,11:58,13:07,69,0,0.0,5.0,FEASIBLE,"Selected by the global CP-SAT optimizer based on maintenance priority, train conflicts, conflict duration, goods-train activity and block constraints."
BR001249,TMS001627,AST001555,Engineering,C00035,COA000635,2025-06-02,33.792537689208984,Low,15:11,17:04,113,0,0.0,3.0,FEASIBLE,"Selected by the global CP-SAT optimizer based on maintenance priority, train conflicts, conflict duration, goods-train activity and block constraints."
BR001258,TMS001637,AST000448,Engineering,C00003,COA000746,2025-06-03,29.25566864013672,Low,07:52,08:32,40,0,0.0,6.0,FEASIBLE,"Selected by the global CP-SAT optimizer based on maintenance priority, train conflicts, conflict duration, goods-train activity and block constraints."
BR001299,TMS001685,AST002951,Engineering,C00034,COA001223,2025-06-11,17.58233642578125,Low,11:36,14:17,161,0,0.0,4.0,FEASIBLE,"Selected by the global CP-SAT optimizer based on maintenance priority, train conflicts, conflict duration, goods-train activity and block constraints."
BR001347,TMS001744,AST003986,Engineering,C00001,COA000326,2025-06-22,31.41425895690918,Low,08:25,10:32,127,0,0.0,5.0,FEASIBLE,"Selected by the global CP-SAT optimizer based on maintenance priority, train conflicts, conflict duration, goods-train activity and block constraints."
BR001350,TMS001748,AST005115,Engineering,C00015,COA001123,2025-06-19,62.82112503051758,High,15:05,16:52,107,0,0.0,0.0,FEASIBLE,"Selected by the global CP-SAT optimizer based on maintenance priority, train conflicts, conflict duration, goods-train activity and block constraints."
BR001389,TMS001799,AST000034,Engineering,C00082,COA000661,2025-06-08,72.79035186767578,High,14:22,15:03,41,0,0.0,3.0,FEASIBLE,"Selected by the global CP-SAT optimizer based on maintenance priority, train conflicts, conflict duration, goods-train activity and block constraints."
BR001430,TMS001853,AST001052,Engineering,C00092,COA001012,2025-06-03,79.2149887084961,High,02:44,04:57,133,0,0.0,5.0,FEASIBLE,"Selected by the global CP-SAT optimizer based on maintenance priority, train conflicts, conflict duration, goods-train activity and block constraints."
BR001516,TMS001957,AST000343,Engineering,C00042,COA000788,2025-06-09,27.895862579345703,Low,10:27,11:40,73,0,0.0,6.0,FEASIBLE,"Selected by the global CP-SAT optimizer based on maintenance priority, train conflicts, conflict duration, goods-train activity and block constraints."
BR001517,TMS001958,AST003323,Engineering,C00023,COA000590,2025-06-20,36.178646087646484,Low,08:23,11:07,164,0,0.0,7.0,FEASIBLE,"Selected by the global CP-SAT optimizer based on maintenance priority, train conflicts, conflict duration, goods-train activity and block constraints."
BR001546,TMS001994,AST001052,Engineering,C00092,COA000589,2025-06-17,66.90011596679688,High,00:54,01:53,59,0,0.0,3.0,FEASIBLE,"Selected by the global CP-SAT optimizer based on maintenance priority, train conflicts, conflict duration, goods-train activity and block constraints."
BR001564,TMS002025,AST001818,Engineering,C00097,COA001295,2025-06-27,59.10942077636719,Medium,06:51,09:06,135,0,0.0,0.0,FEASIBLE,"Selected by the global CP-SAT optimizer based on maintenance priority, train conflicts, conflict duration, goods-train activity and block constraints."
BR001570,TMS002031,AST000997,Engineering,C00023,COA000947,2025-06-12,31.043508529663086,Low,17:17,17:51,34,0,0.0,5.0,FEASIBLE,"Selected by the global CP-SAT optimizer based on maintenance priority, train conflicts, conflict duration, goods-train activity and block constraints."
BR001588,TMS002053,AST005113,Engineering,C00035,COA001250,2025-06-19,28.56853675842285,Low,10:22,11:04,42,0,0.0,0.0,FEASIBLE,"Selected by the global CP-SAT optimizer based on maintenance priority, train conflicts, conflict duration, goods-train activity and block constraints."
BR001592,TMS002058,AST002507,Engineering,C00025,COA001404,2025-06-07,30.135183334350586,Low,02:14,03:26,72,0,0.0,6.0,FEASIBLE,"Selected by the global CP-SAT optimizer based on maintenance priority, train conflicts, conflict duration, goods-train activity and block constraints."
BR001644,TMS002124,AST005233,Engineering,C00026,COA000977,2025-06-28,35.898990631103516,Low,17:19,18:30,71,0,0.0,0.0,FEASIBLE,"Selected by the global CP-SAT optimizer based on maintenance priority, train conflicts, conflict duration, goods-train activity and block constraints."
BR001679,TMS002164,AST000486,Engineering,C00060,COA000076,2025-06-18,48.16926956176758,Medium,18:11,19:19,68,0,0.0,7.0,FEASIBLE,"Selected by the global CP-SAT optimizer based on maintenance priority, train conflicts, conflict duration, goods-train activity and block constraints."
BR001784,TMS002301,AST000452,Engineering,C00013,COA000620,2025-06-12,71.52735137939453,High,06:18,08:37,139,0,0.0,4.0,FEASIBLE,"Selected by the global CP-SAT optimizer based on maintenance priority, train conflicts, conflict duration, goods-train activity and block constraints."
BR001795,TMS002314,AST004227,Engineering,C00013,COA000645,2025-06-28,63.75917053222656,High,19:03,20:14,71,0,0.0,4.0,FEASIBLE,"Selected by the global CP-SAT optimizer based on maintenance priority, train conflicts, conflict duration, goods-train activity and block constraints."
BR001814,TMS002337,AST001427,Engineering,C00063,COA000911,2025-06-12,29.5369930267334,Low,07:09,07:56,47,0,0.0,12.0,FEASIBLE,"Selected by the global CP-SAT optimizer based on maintenance priority, train conflicts, conflict duration, goods-train activity and block constraints."
BR001827,TMS002357,AST000495,Engineering,C00073,COA000201,2025-06-12,20.526111602783203,Low,15:27,16:28,61,0,0.0,5.0,FEASIBLE,"Selected by the global CP-SAT optimizer based on maintenance priority, train conflicts, conflict duration, goods-train activity and block constraints."
BR001848,TMS002383,AST005270,Engineering,C00052,COA000341,2025-06-03,40.626731872558594,Medium,10:46,11:18,32,0,0.0,0.0,FEASIBLE,"Selected by the global CP-SAT optimizer based on maintenance priority, train conflicts, conflict duration, goods-train activity and block constraints."
BR001932,TMS002490,AST001964,Engineering,C00006,COA001325,2025-06-05,54.928680419921875,Medium,15:10,16:44,94,0,0.0,2.0,FEASIBLE,"Selected by the global CP-SAT optimizer based on maintenance priority, train conflicts, conflict duration, goods-train activity and block constraints."
BR001947,TMS002510,AST003977,Engineering,C00045,COA001131,2025-06-10,42.60279083251953,Medium,03:30,04:42,72,0,0.0,7.0,FEASIBLE,"Selected by the global CP-SAT optimizer based on maintenance priority, train conflicts, conflict duration, goods-train activity and block constraints."
BR001970,TMS002537,AST000202,Engineering,C00023,COA001111,2025-06-08,37.67305374145508,Low,08:39,09:41,62,0,0.0,0.0,FEASIBLE,"Selected by the global CP-SAT optimizer based on maintenance priority, train conflicts, conflict duration, goods-train activity and block constraints."
BR001979,TMS002549,AST002998,Engineering,C00058,COA000043,2025-06-30,37.659584045410156,Low,17:45,18:27,42,0,0.0,0.0,FEASIBLE,"Selected by the global CP-SAT optimizer based on maintenance priority, train conflicts, conflict duration, goods-train activity and block constraints."
BR001985,TMS002555,AST000013,Engineering,C00001,COA000785,2025-06-03,41.69219970703125,Medium,19:44,21:10,86,0,0.0,0.0,FEASIBLE,"Selected by the global CP-SAT optimizer based on maintenance priority, train conflicts, conflict duration, goods-train activity and block constraints."
BR002012,TMS002590,AST004726,Engineering,C00023,COA001496,2025-06-08,61.053253173828125,High,19:20,20:11,51,0,0.0,0.0,FEASIBLE,"Selected by the global CP-SAT optimizer based on maintenance priority, train conflicts, conflict duration, goods-train activity and block constraints."
BR002038,TMS002630,AST001943,Engineering,C00079,COA000125,2025-06-19,18.972074508666992,Low,19:31,20:31,60,0,0.0,0.0,FEASIBLE,"Selected by the global CP-SAT optimizer based on maintenance priority, train conflicts, conflict duration, goods-train activity and block constraints."
BR002049,TMS002642,AST000833,Engineering,C00060,COA000578,2025-06-06,27.841440200805664,Low,00:44,02:32,108,0,0.0,0.0,FEASIBLE,"Selected by the global CP-SAT optimizer based on maintenance priority, train conflicts, conflict duration, goods-train activity and block constraints."
BR002062,TMS002659,AST003362,Engineering,C00030,COA001191,2025-06-05,32.85316848754883,Low,19:49,21:24,95,0,0.0,6.0,FEASIBLE,"Selected by the global CP-SAT optimizer based on maintenance priority, train conflicts, conflict duration, goods-train activity and block constraints."
BR002076,TMS002677,AST000225,Engineering,C00048,COA001366,2025-06-27,27.01528549194336,Low,00:30,01:19,49,0,0.0,0.0,FEASIBLE,"Selected by the global CP-SAT optimizer based on maintenance priority, train conflicts, conflict duration, goods-train activity and block constraints."
BR002082,TMS002684,AST002933,Engineering,C00023,COA001201,2025-06-24,40.5394287109375,Medium,09:24,11:01,97,0,0.0,5.0,FEASIBLE,"Selected by the global CP-SAT optimizer based on maintenance priority, train conflicts, conflict duration, goods-train activity and block constraints."
BR002099,TMS002705,AST002803,Engineering,C00013,COA000240,2025-06-12,78.09130859375,High,10:23,11:41,78,0,0.0,4.0,FEASIBLE,"Selected by the global CP-SAT optimizer based on maintenance priority, train conflicts, conflict duration, goods-train activity and block constraints."
BR002137,TMS002761,AST001071,Engineering,C00058,COA001024,2025-06-02,57.41082000732422,Medium,04:07,05:00,53,0,0.0,0.0,FEASIBLE,"Selected by the global CP-SAT optimizer based on maintenance priority, train conflicts, conflict duration, goods-train activity and block constraints."
BR002155,TMS002781,AST000091,Engineering,C00012,COA000475,2025-06-16,24.784048080444336,Low,12:38,13:22,44,0,0.0,8.0,FEASIBLE,"Selected by the global CP-SAT optimizer based on maintenance priority, train conflicts, conflict duration, goods-train activity and block constraints."
BR002168,TMS002798,AST001501,Engineering,C00100,COA000492,2025-06-27,23.667530059814453,Low,01:33,02:41,68,0,0.0,4.0,FEASIBLE,"Selected by the global CP-SAT optimizer based on maintenance priority, train conflicts, conflict duration, goods-train activity and block constraints."
BR002192,TMS002826,AST003510,Engineering,C00060,COA000838,2025-06-12,54.53652572631836,Medium,05:30,06:22,52,0,0.0,5.0,FEASIBLE,"Selected by the global CP-SAT optimizer based on maintenance priority, train conflicts, conflict duration, goods-train activity and block constraints."
BR002195,TMS002830,AST004532,Engineering,C00090,COA001489,2025-06-25,31.555673599243164,Low,10:46,11:35,49,0,0.0,0.0,FEASIBLE,"Selected by the global CP-SAT optimizer based on maintenance priority, train conflicts, conflict duration, goods-train activity and block constraints."
BR002216,TMS002857,AST002984,Engineering,C00008,COA000940,2025-06-28,48.16788101196289,Medium,12:16,13:05,49,0,0.0,6.0,FEASIBLE,"Selected by the global CP-SAT optimizer based on maintenance priority, train conflicts, conflict duration, goods-train activity and block constraints."
BR002244,TMS002893,AST003405,Engineering,C00093,COA000975,2025-06-28,82.43401336669922,Critical,11:45,12:33,48,0,0.0,0.0,FEASIBLE,"Selected by the global CP-SAT optimizer based on maintenance priority, train conflicts, conflict duration, goods-train activity and block constraints."
BR002255,TMS002907,AST004129,Engineering,C00060,COA000634,2025-06-29,63.177677154541016,High,06:25,08:39,134,0,0.0,0.0,FEASIBLE,"Selected by the global CP-SAT optimizer based on maintenance priority, train conflicts, conflict duration, goods-train activity and block constraints."
BR002276,TMS002937,AST002120,Engineering,C00051,COA000843,2025-06-19,49.61964416503906,Medium,13:13,14:33,80,0,0.0,1.0,FEASIBLE,"Selected by the global CP-SAT optimizer based on maintenance priority, train conflicts, conflict duration, goods-train activity and block constraints."
BR002302,TMS002968,AST000345,Engineering,C00046,COA000558,2025-06-29,36.749366760253906,Low,19:03,19:48,45,0,0.0,0.0,FEASIBLE,"Selected by the global CP-SAT optimizer based on maintenance priority, train conflicts, conflict duration, goods-train activity and block constraints."
BR002309,TMS002975,AST000647,Engineering,C00060,COA000292,2025-06-16,35.433143615722656,Low,17:25,19:31,126,0,0.0,2.0,FEASIBLE,"Selected by the global CP-SAT optimizer based on maintenance priority, train conflicts, conflict duration, goods-train activity and block constraints."
BR002337,TMS003009,AST000926,Engineering,C00012,COA000491,2025-06-26,47.0804557800293,Medium,19:19,20:25,66,0,0.0,4.0,FEASIBLE,"Selected by the global CP-SAT optimizer based on maintenance priority, train conflicts, conflict duration, goods-train activity and block constraints."
BR002409,TMS003097,AST001788,Engineering,C00066,COA000466,2025-06-11,36.407814025878906,Low,00:30,01:16,46,0,0.0,5.0,FEASIBLE,"Selected by the global CP-SAT optimizer based on maintenance priority, train conflicts, conflict duration, goods-train activity and block constraints."
BR002430,TMS003122,AST003013,Engineering,C00038,COA000737,2025-06-05,55.59790802001953,Medium,15:15,17:20,125,0,0.0,4.0,FEASIBLE,"Selected by the global CP-SAT optimizer based on maintenance priority, train conflicts, conflict duration, goods-train activity and block constraints."
BR002451,TMS003146,AST004977,Engineering,C00075,COA000038,2025-06-01,37.79122543334961,Low,14:03,14:49,46,0,0.0,8.0,FEASIBLE,"Selected by the global CP-SAT optimizer based on maintenance priority, train conflicts, conflict duration, goods-train activity and block constraints."
BR002466,TMS003166,AST000781,Engineering,C00003,COA001455,2025-06-09,38.04336929321289,Low,16:55,18:27,92,0,0.0,4.0,FEASIBLE,"Selected by the global CP-SAT optimizer based on maintenance priority, train conflicts, conflict duration, goods-train activity and block constraints."
BR002468,TMS003168,AST000195,Engineering,C00013,COA000213,2025-06-09,48.4577751159668,Medium,07:38,09:23,105,0,0.0,0.0,FEASIBLE,"Selected by the global CP-SAT optimizer based on maintenance priority, train conflicts, conflict duration, goods-train activity and block constraints."
BR002471,TMS003171,AST000439,Engineering,C00013,COA001287,2025-06-16,56.40998840332031,Medium,06:00,07:38,98,0,0.0,6.0,FEASIBLE,"Selected by the global CP-SAT optimizer based on maintenance priority, train conflicts, conflict duration, goods-train activity and block constraints."
BR002475,TMS003175,AST003098,Engineering,C00064,COA001016,2025-06-17,39.68883514404297,Low,19:13,19:53,40,0,0.0,0.0,FEASIBLE,"Selected by the global CP-SAT optimizer based on maintenance priority, train conflicts, conflict duration, goods-train activity and block constraints."
BR002504,TMS003209,AST002424,Engineering,C00045,COA000239,2025-06-22,61.301177978515625,High,11:36,13:24,108,0,0.0,9.0,FEASIBLE,"Selected by the global CP-SAT optimizer based on maintenance priority, train conflicts, conflict duration, goods-train activity and block constraints."
BR002528,TMS003241,AST002141,Engineering,C00020,COA001323,2025-06-10,40.13140869140625,Medium,12:21,14:38,137,0,0.0,0.0,FEASIBLE,"Selected by the global CP-SAT optimizer based on maintenance priority, train conflicts, conflict duration, goods-train activity and block constraints."
BR002574,TMS003301,AST000073,Engineering,C00021,COA000435,2025-06-20,27.46466827392578,Low,17:27,19:35,128,0,0.0,0.0,FEASIBLE,"Selected by the global CP-SAT optimizer based on maintenance priority, train conflicts, conflict duration, goods-train activity and block constraints."
BR002614,TMS003352,AST002409,Engineering,C00080,COA001286,2025-06-21,72.92066955566406,High,15:30,17:16,106,1,8.0,0.0,FEASIBLE,"Selected by the global CP-SAT optimizer based on maintenance priority, train conflicts, conflict duration, goods-train activity and block constraints."
BR002657,TMS003412,AST001419,Engineering,C00008,COA000315,2025-06-09,52.5659294128418,Medium,00:45,01:19,34,0,0.0,3.0,FEASIBLE,"Selected by the global CP-SAT optimizer based on maintenance priority, train conflicts, conflict duration, goods-train activity and block constraints."
BR002658,TMS003413,AST004989,Engineering,C00077,COA000344,2025-06-07,57.190460205078125,Medium,04:25,05:09,44,0,0.0,6.0,FEASIBLE,"Selected by the global CP-SAT optimizer based on maintenance priority, train conflicts, conflict duration, goods-train activity and block constraints."
BR002684,TMS003446,AST004597,Engineering,C00044,COA001205,2025-06-07,54.28020095825195,Medium,03:29,04:19,50,0,0.0,5.0,FEASIBLE,"Selected by the global CP-SAT optimizer based on maintenance priority, train conflicts, conflict duration, goods-train activity and block constraints."
BR002687,TMS003450,AST003274,Engineering,C00008,COA000770,2025-06-12,20.422527313232422,Low,01:11,01:47,36,0,0.0,2.0,FEASIBLE,"Selected by the global CP-SAT optimizer based on maintenance priority, train conflicts, conflict duration, goods-train activity and block constraints."
BR002703,TMS003472,AST003872,Engineering,C00062,COA000110,2025-06-05,56.4355354309082,Medium,02:43,03:22,39,0,0.0,2.0,FEASIBLE,"Selected by the global CP-SAT optimizer based on maintenance priority, train conflicts, conflict duration, goods-train activity and block constraints."
BR002771,TMS003564,AST002459,Engineering,C00020,COA001169,2025-06-22,40.37401580810547,Medium,07:44,09:44,120,0,0.0,7.0,FEASIBLE,"Selected by the global CP-SAT optimizer based on maintenance priority, train conflicts, conflict duration, goods-train activity and block constraints."
BR002850,TMS003666,AST003445,Engineering,C00085,COA000993,2025-06-20,64.79852294921875,High,15:02,16:13,71,0,0.0,4.0,FEASIBLE,"Selected by the global CP-SAT optimizer based on maintenance priority, train conflicts, conflict duration, goods-train activity and block constraints."
BR002871,TMS003690,AST003440,Engineering,C00065,COA000250,2025-06-21,36.62614822387695,Low,11:25,13:04,99,0,0.0,0.0,FEASIBLE,"Selected by the global CP-SAT optimizer based on maintenance priority, train conflicts, conflict duration, goods-train activity and block constraints."
BR002912,TMS003739,AST003458,Engineering,C00065,COA000090,2025-06-15,31.163843154907227,Low,11:07,13:15,128,0,0.0,4.0,FEASIBLE,"Selected by the global CP-SAT optimizer based on maintenance priority, train conflicts, conflict duration, goods-train activity and block constraints."
BR002946,TMS003780,AST004079,Engineering,C00054,COA000651,2025-06-17,37.316837310791016,Low,17:50,20:14,144,0,0.0,0.0,FEASIBLE,"Selected by the global CP-SAT optimizer based on maintenance priority, train conflicts, conflict duration, goods-train activity and block constraints."
BR002948,TMS003782,AST000513,Engineering,C00035,COA001014,2025-06-30,23.867368698120117,Low,15:24,17:12,108,0,0.0,4.0,FEASIBLE,"Selected by the global CP-SAT optimizer based on maintenance priority, train conflicts, conflict duration, goods-train activity and block constraints."
BR003002,TMS003858,AST001694,Engineering,C00009,COA000318,2025-06-03,70.98066711425781,High,00:13,01:59,106,0,0.0,0.0,FEASIBLE,"Selected by the global CP-SAT optimizer based on maintenance priority, train conflicts, conflict duration, goods-train activity and block constraints."
BR003004,TMS003860,AST003568,Engineering,C00017,COA000618,2025-06-28,71.34403228759766,High,05:32,06:25,53,0,0.0,4.0,FEASIBLE,"Selected by the global CP-SAT optimizer based on maintenance priority, train conflicts, conflict duration, goods-train activity and block constraints."
BR003006,TMS003865,AST003445,Engineering,C00085,COA000503,2025-06-30,44.965476989746094,Medium,10:18,11:21,63,0,0.0,0.0,FEASIBLE,"Selected by the global CP-SAT optimizer based on maintenance priority, train conflicts, conflict duration, goods-train activity and block constraints."
BR003030,TMS003898,AST000465,Engineering,C00070,COA000791,2025-06-17,59.691192626953125,Medium,19:07,19:57,50,0,0.0,0.0,FEASIBLE,"Selected by the global CP-SAT optimizer based on maintenance priority, train conflicts, conflict duration, goods-train activity and block constraints."
BR003057,TMS003929,AST003689,Engineering,C00047,COA001053,2025-06-20,55.190147399902344,Medium,18:02,19:21,79,0,0.0,9.0,FEASIBLE,"Selected by the global CP-SAT optimizer based on maintenance priority, train conflicts, conflict duration, goods-train activity and block constraints."
BR003088,TMS003965,AST003096,Engineering,C00037,COA000104,2025-06-10,68.30370330810547,High,17:39,20:04,145,0,0.0,4.0,FEASIBLE,"Selected by the global CP-SAT optimizer based on maintenance priority, train conflicts, conflict duration, goods-train activity and block constraints."
BR003093,TMS003970,AST002582,Engineering,C00001,COA001156,2025-06-12,62.827796936035156,High,01:48,02:56,68,0,0.0,0.0,FEASIBLE,"Selected by the global CP-SAT optimizer based on maintenance priority, train conflicts, conflict duration, goods-train activity and block constraints."
BR003098,TMS003975,AST000308,Engineering,C00063,COA001309,2025-06-04,29.83359718322754,Low,12:08,13:19,71,0,0.0,6.0,FEASIBLE,"Selected by the global CP-SAT optimizer based on maintenance priority, train conflicts, conflict duration, goods-train activity and block constraints."
BR003131,TMS004020,AST000287,Engineering,C00014,COA000564,2025-06-18,30.091768264770508,Low,11:32,12:49,77,0,0.0,2.0,FEASIBLE,"Selected by the global CP-SAT optimizer based on maintenance priority, train conflicts, conflict duration, goods-train activity and block constraints."
BR003204,TMS004118,AST002459,Engineering,C00020,COA000569,2025-06-19,58.147151947021484,Medium,07:55,10:19,144,0,0.0,8.0,FEASIBLE,"Selected by the global CP-SAT optimizer based on maintenance priority, train conflicts, conflict duration, goods-train activity and block constraints."
BR003214,TMS004133,AST003344,Engineering,C00037,COA001000,2025-06-15,63.41973114013672,High,07:22,09:04,102,0,0.0,0.0,FEASIBLE,"Selected by the global CP-SAT optimizer based on maintenance priority, train conflicts, conflict duration, goods-train activity and block constraints."
BR003235,TMS004163,AST000974,Engineering,C00098,COA001297,2025-06-15,60.138607025146484,High,07:56,09:16,80,0,0.0,4.0,FEASIBLE,"Selected by the global CP-SAT optimizer based on maintenance priority, train conflicts, conflict duration, goods-train activity and block constraints."
BR003249,TMS004182,AST002571,Engineering,C00060,COA000178,2025-06-25,57.678619384765625,Medium,10:44,12:05,81,0,0.0,7.0,FEASIBLE,"Selected by the global CP-SAT optimizer based on maintenance priority, train conflicts, conflict duration, goods-train activity and block constraints."
BR003273,TMS004212,AST002539,Engineering,C00024,COA001341,2025-06-27,26.96534538269043,Low,10:48,12:06,78,0,0.0,1.0,FEASIBLE,"Selected by the global CP-SAT optimizer based on maintenance priority, train conflicts, conflict duration, goods-train activity and block constraints."
BR003274,TMS004214,AST002689,Engineering,C00088,COA000517,2025-06-28,32.350318908691406,Low,19:49,21:47,118,0,0.0,2.0,FEASIBLE,"Selected by the global CP-SAT optimizer based on maintenance priority, train conflicts, conflict duration, goods-train activity and block constraints."
BR003323,TMS004281,AST004749,Engineering,C00060,COA000099,2025-06-28,27.808826446533203,Low,17:36,18:09,33,0,0.0,3.0,FEASIBLE,"Selected by the global CP-SAT optimizer based on maintenance priority, train conflicts, conflict duration, goods-train activity and block constraints."
BR003335,TMS004296,AST000970,Engineering,C00034,COA000763,2025-06-20,36.452510833740234,Low,17:22,17:57,35,0,0.0,0.0,FEASIBLE,"Selected by the global CP-SAT optimizer based on maintenance priority, train conflicts, conflict duration, goods-train activity and block constraints."
BR003407,TMS004381,AST002444,Engineering,C00057,COA000507,2025-06-30,28.141267776489258,Low,01:40,03:05,85,0,0.0,3.0,FEASIBLE,"Selected by the global CP-SAT optimizer based on maintenance priority, train conflicts, conflict duration, goods-train activity and block constraints."
BR003408,TMS004382,AST004907,Engineering,C00073,COA000808,2025-06-16,55.524269104003906,Medium,13:53,14:36,43,0,0.0,5.0,FEASIBLE,"Selected by the global CP-SAT optimizer based on maintenance priority, train conflicts, conflict duration, goods-train activity and block constraints."
BR003409,TMS004383,AST004792,Engineering,C00050,COA000799,2025-06-25,42.9339599609375,Medium,00:43,02:38,115,0,0.0,3.0,FEASIBLE,"Selected by the global CP-SAT optimizer based on maintenance priority, train conflicts, conflict duration, goods-train activity and block constraints."
BR003412,TMS004386,AST001905,Engineering,C00028,COA000505,2025-06-16,44.482051849365234,Medium,11:05,13:08,123,0,0.0,0.0,FEASIBLE,"Selected by the global CP-SAT optimizer based on maintenance priority, train conflicts, conflict duration, goods-train activity and block constraints."
BR003423,TMS004398,AST000261,Engineering,C00069,COA000556,2025-06-30,29.409297943115234,Low,06:27,08:04,97,0,0.0,6.0,FEASIBLE,"Selected by the global CP-SAT optimizer based on maintenance priority, train conflicts, conflict duration, goods-train activity and block constraints."
BR003426,TMS004403,AST004680,Engineering,C00096,COA001240,2025-06-10,30.730571746826172,Low,08:02,09:06,64,0,0.0,3.0,FEASIBLE,"Selected by the global CP-SAT optimizer based on maintenance priority, train conflicts, conflict duration, goods-train activity and block constraints."
BR003446,TMS004431,AST001882,Engineering,C00013,COA000256,2025-06-05,60.651615142822266,High,13:48,15:56,128,0,0.0,0.0,FEASIBLE,"Selected by the global CP-SAT optimizer based on maintenance priority, train conflicts, conflict duration, goods-train activity and block constraints."
BR003457,TMS004445,AST004842,Engineering,C00077,COA000888,2025-06-12,54.74857711791992,Medium,10:07,11:18,71,0,0.0,5.0,FEASIBLE,"Selected by the global CP-SAT optimizer based on maintenance priority, train conflicts, conflict duration, goods-train activity and block constraints."
BR003499,TMS004496,AST004849,Engineering,C00033,COA000849,2025-06-29,50.64079666137695,Medium,19:38,20:29,51,0,0.0,2.0,FEASIBLE,"Selected by the global CP-SAT optimizer based on maintenance priority, train conflicts, conflict duration, goods-train activity and block constraints."
BR003524,TMS004529,AST004933,Engineering,C00065,COA000031,2025-06-10,40.761417388916016,Medium,09:06,11:00,114,0,0.0,0.0,FEASIBLE,"Selected by the global CP-SAT optimizer based on maintenance priority, train conflicts, conflict duration, goods-train activity and block constraints."
BR003531,TMS004536,AST002695,Engineering,C00100,COA000685,2025-06-29,52.674137115478516,Medium,05:10,06:36,86,0,0.0,2.0,FEASIBLE,"Selected by the global CP-SAT optimizer based on maintenance priority, train conflicts, conflict duration, goods-train activity and block constraints."
BR003564,TMS004577,AST004349,Engineering,C00024,COA000432,2025-06-25,72.57096862792969,High,12:29,14:46,137,0,0.0,2.0,FEASIBLE,"Selected by the global CP-SAT optimizer based on maintenance priority, train conflicts, conflict duration, goods-train activity and block constraints."
BR003618,TMS004645,AST002609,Engineering,C00016,COA000554,2025-06-01,25.94085693359375,Low,15:21,16:52,91,0,0.0,6.0,FEASIBLE,"Selected by the global CP-SAT optimizer based on maintenance priority, train conflicts, conflict duration, goods-train activity and block constraints."
BR003647,TMS004683,AST005240,Engineering,C00083,COA000845,2025-06-11,39.221702575683594,Low,18:31,19:26,55,0,0.0,2.0,FEASIBLE,"Selected by the global CP-SAT optimizer based on maintenance priority, train conflicts, conflict duration, goods-train activity and block constraints."
BR003655,TMS004692,AST002992,Engineering,C00024,COA001454,2025-06-05,31.881576538085938,Low,05:27,06:20,53,0,0.0,2.0,FEASIBLE,"Selected by the global CP-SAT optimizer based on maintenance priority, train conflicts, conflict duration, goods-train activity and block constraints."
BR003677,TMS004718,AST000954,Engineering,C00041,COA001001,2025-06-16,39.081180572509766,Low,05:20,06:25,65,0,0.0,4.0,FEASIBLE,"Selected by the global CP-SAT optimizer based on maintenance priority, train conflicts, conflict duration, goods-train activity and block constraints."
BR003688,TMS004731,AST001929,Engineering,C00057,COA000016,2025-06-12,33.408565521240234,Low,19:40,21:42,122,0,0.0,0.0,FEASIBLE,"Selected by the global CP-SAT optimizer based on maintenance priority, train conflicts, conflict duration, goods-train activity and block constraints."
BR003703,TMS004749,AST002241,Engineering,C00004,COA000369,2025-06-07,50.6214714050293,Medium,04:27,05:17,50,0,0.0,5.0,FEASIBLE,"Selected by the global CP-SAT optimizer based on maintenance priority, train conflicts, conflict duration, goods-train activity and block constraints."
BR003716,TMS004764,AST000755,Engineering,C00070,COA000236,2025-06-19,45.47441864013672,Medium,03:48,04:49,61,0,0.0,7.0,FEASIBLE,"Selected by the global CP-SAT optimizer based on maintenance priority, train conflicts, conflict duration, goods-train activity and block constraints."
BR003727,TMS004779,AST005165,Engineering,C00098,COA000885,2025-06-07,30.14762306213379,Low,14:03,15:38,95,0,0.0,5.0,FEASIBLE,"Selected by the global CP-SAT optimizer based on maintenance priority, train conflicts, conflict duration, goods-train activity and block constraints."
BR003734,TMS004790,AST001800,Engineering,C00063,COA001035,2025-06-06,38.76649856567383,Low,04:08,05:20,72,0,0.0,4.0,FEASIBLE,"Selected by the global CP-SAT optimizer based on maintenance priority, train conflicts, conflict duration, goods-train activity and block constraints."
BR003749,TMS004807,AST001755,Engineering,C00097,COA001064,2025-06-05,81.65644073486328,Critical,14:22,16:49,147,0,0.0,0.0,FEASIBLE,"Selected by the global CP-SAT optimizer based on maintenance priority, train conflicts, conflict duration, goods-train activity and block constraints."
BR003803,TMS004871,AST000415,Engineering,C00100,COA000300,2025-06-01,62.04521179199219,High,07:18,08:01,43,0,0.0,0.0,FEASIBLE,"Selected by the global CP-SAT optimizer based on maintenance priority, train conflicts, conflict duration, goods-train activity and block constraints."
BR003815,TMS004885,AST002364,Engineering,C00059,COA001340,2025-06-03,48.99598693847656,Medium,16:36,17:43,67,0,0.0,4.0,FEASIBLE,"Selected by the global CP-SAT optimizer based on maintenance priority, train conflicts, conflict duration, goods-train activity and block constraints."
BR003864,TMS004945,AST001166,Engineering,C00039,COA000195,2025-06-19,31.906179428100586,Low,16:58,19:09,131,0,0.0,0.0,FEASIBLE,"Selected by the global CP-SAT optimizer based on maintenance priority, train conflicts, conflict duration, goods-train activity and block constraints."
BR003902,TMS004993,AST004494,Engineering,C00013,COA000964,2025-06-12,46.800514221191406,Medium,17:00,18:45,105,0,0.0,4.0,FEASIBLE,"Selected by the global CP-SAT optimizer based on maintenance priority, train conflicts, conflict duration, goods-train activity and block constraints."
BR003907,TMS004998,AST002798,Engineering,C00040,COA000276,2025-06-24,58.27979278564453,Medium,17:59,19:49,110,0,0.0,0.0,FEASIBLE,"Selected by the global CP-SAT optimizer based on maintenance priority, train conflicts, conflict duration, goods-train activity and block constraints."
BR003946,TMS005052,AST005049,Engineering,C00008,COA000744,2025-06-27,44.57746505737305,Medium,12:37,13:46,69,0,0.0,6.0,FEASIBLE,"Selected by the global CP-SAT optimizer based on maintenance priority, train conflicts, conflict duration, goods-train activity and block constraints."
BR003964,TMS005076,AST001204,Engineering,C00009,COA001144,2025-06-10,51.17865753173828,Medium,09:01,11:07,126,0,0.0,6.0,FEASIBLE,"Selected by the global CP-SAT optimizer based on maintenance priority, train conflicts, conflict duration, goods-train activity and block constraints."
BR004006,TMS005132,AST001052,Engineering,C00092,COA000855,2025-06-18,67.16132354736328,High,10:54,12:06,72,0,0.0,0.0,FEASIBLE,"Selected by the global CP-SAT optimizer based on maintenance priority, train conflicts, conflict duration, goods-train activity and block constraints."
BR004222,TMS005414,AST000575,Engineering,C00096,COA001032,2025-06-25,28.95178985595703,Low,07:20,10:06,166,0,0.0,4.0,FEASIBLE,"Selected by the global CP-SAT optimizer based on maintenance priority, train conflicts, conflict duration, goods-train activity and block constraints."
BR004236,TMS005434,AST000607,Engineering,C00066,COA000328,2025-06-16,28.93509864807129,Low,03:47,04:36,49,0,0.0,0.0,FEASIBLE,"Selected by the global CP-SAT optimizer based on maintenance priority, train conflicts, conflict duration, goods-train activity and block constraints."
BR004253,TMS005457,AST000311,Engineering,C00053,COA000904,2025-06-13,70.11677551269531,High,18:34,21:07,153,0,0.0,0.0,FEASIBLE,"Selected by the global CP-SAT optimizer based on maintenance priority, train conflicts, conflict duration, goods-train activity and block constraints."
BR004359,TMS005581,AST002763,Engineering,C00081,COA001334,2025-06-13,40.09794235229492,Medium,10:05,11:05,60,0,0.0,3.0,FEASIBLE,"Selected by the global CP-SAT optimizer based on maintenance priority, train conflicts, conflict duration, goods-train activity and block constraints."
BR004373,TMS005599,AST000714,Engineering,C00014,COA000734,2025-06-08,54.423580169677734,Medium,05:48,06:52,64,0,0.0,0.0,FEASIBLE,"Selected by the global CP-SAT optimizer based on maintenance priority, train conflicts, conflict duration, goods-train activity and block constraints."
BR004374,TMS005602,AST000378,Engineering,C00014,COA001226,2025-06-06,50.50447463989258,Medium,04:48,06:05,77,0,0.0,0.0,FEASIBLE,"Selected by the global CP-SAT optimizer based on maintenance priority, train conflicts, conflict duration, goods-train activity and block constraints."
BR004376,TMS005605,AST003095,Engineering,C00049,COA001028,2025-06-03,34.76579666137695,Low,14:08,15:23,75,0,0.0,0.0,FEASIBLE,"Selected by the global CP-SAT optimizer based on maintenance priority, train conflicts, conflict duration, goods-train activity and block constraints."
BR004380,TMS005609,AST003942,Engineering,C00033,COA000529,2025-06-05,63.50034713745117,High,00:20,01:59,99,0,0.0,5.0,FEASIBLE,"Selected by the global CP-SAT optimizer based on maintenance priority, train conflicts, conflict duration, goods-train activity and block constraints."
BR004385,TMS005616,AST004809,Engineering,C00041,COA000116,2025-06-22,57.94357681274414,Medium,02:19,03:13,54,0,0.0,0.0,FEASIBLE,"Selected by the global CP-SAT optimizer based on maintenance priority, train conflicts, conflict duration, goods-train activity and block constraints."
BR004473,TMS005734,AST005056,Engineering,C00055,COA001272,2025-06-15,30.558792114257812,Low,08:43,10:13,90,0,0.0,2.0,FEASIBLE,"Selected by the global CP-SAT optimizer based on maintenance priority, train conflicts, conflict duration, goods-train activity and block constraints."
BR004492,TMS005757,AST000733,Engineering,C00062,COA000536,2025-06-30,47.25896072387695,Medium,14:55,15:51,56,0,0.0,3.0,FEASIBLE,"Selected by the global CP-SAT optimizer based on maintenance priority, train conflicts, conflict duration, goods-train activity and block constraints."
BR004509,TMS005778,AST001025,Engineering,C00080,COA000165,2025-06-22,22.04288673400879,Low,06:44,08:21,97,0,0.0,8.0,FEASIBLE,"Selected by the global CP-SAT optimizer based on maintenance priority, train conflicts, conflict duration, goods-train activity and block constraints."
BR004518,TMS005790,AST003507,Engineering,C00016,COA000577,2025-06-25,40.58940887451172,Medium,05:04,07:01,117,0,0.0,5.0,FEASIBLE,"Selected by the global CP-SAT optimizer based on maintenance priority, train conflicts, conflict duration, goods-train activity and block constraints."
BR004568,TMS005855,AST002925,Engineering,C00027,COA000417,2025-06-07,59.65992736816406,Medium,12:05,12:41,36,0,0.0,0.0,FEASIBLE,"Selected by the global CP-SAT optimizer based on maintenance priority, train conflicts, conflict duration, goods-train activity and block constraints."
BR004584,TMS005875,AST002064,Engineering,C00046,COA001432,2025-06-12,45.970069885253906,Medium,16:44,19:09,145,0,0.0,0.0,FEASIBLE,"Selected by the global CP-SAT optimizer based on maintenance priority, train conflicts, conflict duration, goods-train activity and block constraints."
BR004621,TMS005927,AST003595,Engineering,C00039,COA000712,2025-06-13,60.78537368774414,High,04:07,04:51,44,0,0.0,0.0,FEASIBLE,"Selected by the global CP-SAT optimizer based on maintenance priority, train conflicts, conflict duration, goods-train activity and block constraints."
BR004626,TMS005936,AST003941,Engineering,C00001,COA001177,2025-06-05,24.86977767944336,Low,11:04,12:18,74,0,0.0,5.0,FEASIBLE,"Selected by the global CP-SAT optimizer based on maintenance priority, train conflicts, conflict duration, goods-train activity and block constraints."
BR004654,TMS005969,AST002208,Engineering,C00032,COA000173,2025-06-23,30.236675262451172,Low,08:07,08:54,47,0,0.0,0.0,FEASIBLE,"Selected by the global CP-SAT optimizer based on maintenance priority, train conflicts, conflict duration, goods-train activity and block constraints."
BR004667,TMS005986,AST004110,Engineering,C00017,COA001484,2025-06-26,48.45138931274414,Medium,12:33,13:16,43,0,0.0,0.0,FEASIBLE,"Selected by the global CP-SAT optimizer based on maintenance priority, train conflicts, conflict duration, goods-train activity and block constraints."
BR004676,TMS005998,AST004695,Engineering,C00074,COA000479,2025-06-25,32.03089904785156,Low,01:12,02:38,86,0,0.0,0.0,FEASIBLE,"Selected by the global CP-SAT optimizer based on maintenance priority, train conflicts, conflict duration, goods-train activity and block constraints."
BR004683,SMMS000005,AST005948,Signal & Telecom,C00095,COA000422,2025-06-24,42.35475158691406,Medium,00:46,02:34,108,0,0.0,0.0,FEASIBLE,"Selected by the global CP-SAT optimizer based on maintenance priority, train conflicts, conflict duration, goods-train activity and block constraints."
BR004686,SMMS000010,AST005439,Signal & Telecom,C00009,COA001400,2025-06-18,21.337085723876953,Low,16:04,16:58,54,0,0.0,6.0,FEASIBLE,"Selected by the global CP-SAT optimizer based on maintenance priority, train conflicts, conflict duration, goods-train activity and block constraints."
BR004693,SMMS000019,AST007449,Signal & Telecom,C00088,COA001155,2025-06-28,59.67974090576172,Medium,12:58,14:55,117,0,0.0,2.0,FEASIBLE,"Selected by the global CP-SAT optimizer based on maintenance priority, train conflicts, conflict duration, goods-train activity and block constraints."
BR004695,SMMS000021,AST006793,Signal & Telecom,C00064,COA000759,2025-06-29,31.838863372802734,Low,12:55,14:32,97,0,0.0,0.0,FEASIBLE,"Selected by the global CP-SAT optimizer based on maintenance priority, train conflicts, conflict duration, goods-train activity and block constraints."
BR004709,SMMS000041,AST006087,Signal & Telecom,C00027,COA000001,2025-06-28,58.257930755615234,Medium,18:27,19:20,53,0,0.0,2.0,FEASIBLE,"Selected by the global CP-SAT optimizer based on maintenance priority, train conflicts, conflict duration, goods-train activity and block constraints."
BR004726,SMMS000063,AST005987,Signal & Telecom,C00094,COA000652,2025-06-10,62.094093322753906,High,04:21,05:48,87,0,0.0,2.0,FEASIBLE,"Selected by the global CP-SAT optimizer based on maintenance priority, train conflicts, conflict duration, goods-train activity and block constraints."
BR004742,SMMS000088,AST007053,Signal & Telecom,C00066,COA001146,2025-06-14,35.9764289855957,Low,06:01,08:18,137,0,0.0,7.0,FEASIBLE,"Selected by the global CP-SAT optimizer based on maintenance priority, train conflicts, conflict duration, goods-train activity and block constraints."
BR004745,SMMS000094,AST007835,Signal & Telecom,C00059,COA001458,2025-06-28,38.468955993652344,Low,18:58,20:33,95,0,0.0,9.0,FEASIBLE,"Selected by the global CP-SAT optimizer based on maintenance priority, train conflicts, conflict duration, goods-train activity and block constraints."
BR004747,SMMS000096,AST007262,Signal & Telecom,C00058,COA001279,2025-06-15,45.552852630615234,Medium,17:53,19:42,109,0,0.0,3.0,FEASIBLE,"Selected by the global CP-SAT optimizer based on maintenance priority, train conflicts, conflict duration, goods-train activity and block constraints."
BR004757,SMMS000108,AST005476,Signal & Telecom,C00039,COA000094,2025-06-12,34.1209831237793,Low,00:42,01:33,51,0,0.0,0.0,FEASIBLE,"Selected by the global CP-SAT optimizer based on maintenance priority, train conflicts, conflict duration, goods-train activity and block constraints."
BR004771,SMMS000127,AST006521,Signal & Telecom,C00097,COA001130,2025-06-22,63.97490692138672,High,18:35,20:43,128,0,0.0,4.0,FEASIBLE,"Selected by the global CP-SAT optimizer based on maintenance priority, train conflicts, conflict duration, goods-train activity and block constraints."
BR004865,SMMS000255,AST007001,Signal & Telecom,C00002,COA001073,2025-06-14,35.092552185058594,Low,06:52,08:36,104,0,0.0,5.0,FEASIBLE,"Selected by the global CP-SAT optimizer based on maintenance priority, train conflicts, conflict duration, goods-train activity and block constraints."
BR004866,SMMS000256,AST006829,Signal & Telecom,C00053,COA000200,2025-06-18,72.57376861572266,High,14:42,17:00,138,0,0.0,0.0,FEASIBLE,"Selected by the global CP-SAT optimizer based on maintenance priority, train conflicts, conflict duration, goods-train activity and block constraints."
BR004873,SMMS000265,AST007469,Signal & Telecom,C00090,COA000995,2025-06-23,55.85950469970703,Medium,11:29,12:05,36,0,0.0,4.0,FEASIBLE,"Selected by the global CP-SAT optimizer based on maintenance priority, train conflicts, conflict duration, goods-train activity and block constraints."
BR004905,SMMS000304,AST006119,Signal & Telecom,C00076,COA001039,2025-06-10,39.20704650878906,Low,00:13,00:58,45,0,0.0,0.0,FEASIBLE,"Selected by the global CP-SAT optimizer based on maintenance priority, train conflicts, conflict duration, goods-train activity and block constraints."
BR004936,SMMS000343,AST008000,Signal & Telecom,C00051,COA000332,2025-06-10,36.18301773071289,Low,15:47,17:14,87,0,0.0,0.0,FEASIBLE,"Selected by the global CP-SAT optimizer based on maintenance priority, train conflicts, conflict duration, goods-train activity and block constraints."
BR004964,SMMS000385,AST006191,Signal & Telecom,C00098,COA001221,2025-06-20,34.1878547668457,Low,09:00,10:11,71,0,0.0,0.0,FEASIBLE,"Selected by the global CP-SAT optimizer based on maintenance priority, train conflicts, conflict duration, goods-train activity and block constraints."
BR004967,SMMS000388,AST008260,Signal & Telecom,C00057,COA001246,2025-06-12,84.4769058227539,Critical,19:52,20:32,40,0,0.0,0.0,FEASIBLE,"Selected by the global CP-SAT optimizer based on maintenance priority, train conflicts, conflict duration, goods-train activity and block constraints."
BR004968,SMMS000389,AST007309,Signal & Telecom,C00029,COA000325,2025-06-28,76.82542419433594,High,17:15,18:30,75,0,0.0,0.0,FEASIBLE,"Selected by the global CP-SAT optimizer based on maintenance priority, train conflicts, conflict duration, goods-train activity and block constraints."
BR005025,SMMS000467,AST007861,Signal & Telecom,C00093,COA000429,2025-06-17,38.328102111816406,Low,00:22,01:59,97,0,0.0,0.0,FEASIBLE,"Selected by the global CP-SAT optimizer based on maintenance priority, train conflicts, conflict duration, goods-train activity and block constraints."
BR005032,SMMS000475,AST007044,Signal & Telecom,C00022,COA001092,2025-06-24,36.614620208740234,Low,00:06,02:09,123,0,0.0,0.0,FEASIBLE,"Selected by the global CP-SAT optimizer based on maintenance priority, train conflicts, conflict duration, goods-train activity and block constraints."
BR005067,SMMS000521,AST007106,Signal & Telecom,C00020,COA000636,2025-06-06,68.6058349609375,High,00:14,01:51,97,0,0.0,6.0,FEASIBLE,"Selected by the global CP-SAT optimizer based on maintenance priority, train conflicts, conflict duration, goods-train activity and block constraints."
BR005101,SMMS000567,AST006574,Signal & Telecom,C00081,COA000532,2025-06-06,50.8848991394043,Medium,08:54,09:55,61,0,0.0,5.0,FEASIBLE,"Selected by the global CP-SAT optimizer based on maintenance priority, train conflicts, conflict duration, goods-train activity and block constraints."
BR005104,SMMS000570,AST006641,Signal & Telecom,C00078,COA001149,2025-06-23,58.94286346435547,Medium,04:39,05:31,52,0,0.0,0.0,FEASIBLE,"Selected by the global CP-SAT optimizer based on maintenance priority, train conflicts, conflict duration, goods-train activity and block constraints."
BR005105,SMMS000571,AST008404,Signal & Telecom,C00034,COA000096,2025-06-07,23.969980239868164,Low,14:52,16:11,79,0,0.0,1.0,FEASIBLE,"Selected by the global CP-SAT optimizer based on maintenance priority, train conflicts, conflict duration, goods-train activity and block constraints."
BR005123,SMMS000591,AST007901,Signal & Telecom,C00098,COA000427,2025-06-07,63.532981872558594,High,11:14,12:31,77,0,0.0,5.0,FEASIBLE,"Selected by the global CP-SAT optimizer based on maintenance priority, train conflicts, conflict duration, goods-train activity and block constraints."
BR005157,SMMS000638,AST005487,Signal & Telecom,C00053,COA000786,2025-06-24,30.894367218017578,Low,02:28,03:29,61,0,0.0,0.0,FEASIBLE,"Selected by the global CP-SAT optimizer based on maintenance priority, train conflicts, conflict duration, goods-train activity and block constraints."
BR005170,SMMS000658,AST005708,Signal & Telecom,C00003,COA000955,2025-06-29,64.07014465332031,High,08:02,09:37,95,0,0.0,0.0,FEASIBLE,"Selected by the global CP-SAT optimizer based on maintenance priority, train conflicts, conflict duration, goods-train activity and block constraints."
BR005182,SMMS000673,AST006229,Signal & Telecom,C00098,COA001044,2025-06-28,66.3445053100586,High,15:38,17:25,107,1,7.0,0.0,FEASIBLE,"Selected by the global CP-SAT optimizer based on maintenance priority, train conflicts, conflict duration, goods-train activity and block constraints."
BR005183,SMMS000674,AST007925,Signal & Telecom,C00065,COA000478,2025-06-24,60.01978302001953,High,14:47,16:16,89,0,0.0,1.0,FEASIBLE,"Selected by the global CP-SAT optimizer based on maintenance priority, train conflicts, conflict duration, goods-train activity and block constraints."
BR005195,SMMS000690,AST007490,Signal & Telecom,C00097,COA000409,2025-06-25,57.23863220214844,Medium,11:45,13:31,106,0,0.0,5.0,FEASIBLE,"Selected by the global CP-SAT optimizer based on maintenance priority, train conflicts, conflict duration, goods-train activity and block constraints."
BR005236,SMMS000738,AST006982,Signal & Telecom,C00035,COA000866,2025-06-07,34.194984436035156,Low,02:45,04:14,89,0,0.0,2.0,FEASIBLE,"Selected by the global CP-SAT optimizer based on maintenance priority, train conflicts, conflict duration, goods-train activity and block constraints."
BR005242,SMMS000746,AST005708,Signal & Telecom,C00003,COA000196,2025-06-13,36.151458740234375,Low,11:18,12:44,86,0,0.0,0.0,FEASIBLE,"Selected by the global CP-SAT optimizer based on maintenance priority, train conflicts, conflict duration, goods-train activity and block constraints."
BR005261,SMMS000769,AST008611,Signal & Telecom,C00097,COA000467,2025-06-28,39.23550796508789,Low,17:18,18:54,96,0,0.0,3.0,FEASIBLE,"Selected by the global CP-SAT optimizer based on maintenance priority, train conflicts, conflict duration, goods-train activity and block constraints."
BR005312,SMMS000836,AST007651,Signal & Telecom,C00071,COA001007,2025-06-15,43.390254974365234,Medium,02:07,03:18,71,0,0.0,0.0,FEASIBLE,"Selected by the global CP-SAT optimizer based on maintenance priority, train conflicts, conflict duration, goods-train activity and block constraints."
BR005374,SMMS000912,AST006531,Signal & Telecom,C00023,COA000353,2025-06-06,63.39552307128906,High,01:24,03:08,104,0,0.0,0.0,FEASIBLE,"Selected by the global CP-SAT optimizer based on maintenance priority, train conflicts, conflict duration, goods-train activity and block constraints."
BR005431,SMMS000977,AST006800,Signal & Telecom,C00056,COA000631,2025-06-30,44.819732666015625,Medium,00:03,00:55,52,0,0.0,5.0,FEASIBLE,"Selected by the global CP-SAT optimizer based on maintenance priority, train conflicts, conflict duration, goods-train activity and block constraints."
BR005433,SMMS000980,AST006978,Signal & Telecom,C00019,COA001344,2025-06-20,42.346336364746094,Medium,11:39,13:13,94,0,0.0,0.0,FEASIBLE,"Selected by the global CP-SAT optimizer based on maintenance priority, train conflicts, conflict duration, goods-train activity and block constraints."
BR005471,SMMS001026,AST006663,Signal & Telecom,C00071,COA001320,2025-06-18,34.61379623413086,Low,12:16,13:20,64,0,0.0,4.0,FEASIBLE,"Selected by the global CP-SAT optimizer based on maintenance priority, train conflicts, conflict duration, goods-train activity and block constraints."
BR005478,SMMS001034,AST006124,Signal & Telecom,C00047,COA000566,2025-06-04,36.77566909790039,Low,06:17,07:14,57,0,0.0,0.0,FEASIBLE,"Selected by the global CP-SAT optimizer based on maintenance priority, train conflicts, conflict duration, goods-train activity and block constraints."
BR005494,SMMS001054,AST007788,Signal & Telecom,C00070,COA001313,2025-06-30,47.76284408569336,Medium,02:42,05:17,155,0,0.0,5.0,FEASIBLE,"Selected by the global CP-SAT optimizer based on maintenance priority, train conflicts, conflict duration, goods-train activity and block constraints."
BR005502,SMMS001065,AST007651,Signal & Telecom,C00071,COA000188,2025-06-24,34.85811996459961,Low,07:13,09:18,125,0,0.0,0.0,FEASIBLE,"Selected by the global CP-SAT optimizer based on maintenance priority, train conflicts, conflict duration, goods-train activity and block constraints."
BR005507,SMMS001071,AST006870,Signal & Telecom,C00007,COA000525,2025-06-28,51.94669723510742,Medium,09:49,10:56,67,0,0.0,0.0,FEASIBLE,"Selected by the global CP-SAT optimizer based on maintenance priority, train conflicts, conflict duration, goods-train activity and block constraints."
BR005511,SMMS001076,AST008375,Signal & Telecom,C00054,COA000460,2025-06-04,34.594215393066406,Low,07:49,08:30,41,0,0.0,7.0,FEASIBLE,"Selected by the global CP-SAT optimizer based on maintenance priority, train conflicts, conflict duration, goods-train activity and block constraints."
BR005576,SMMS001157,AST007859,Signal & Telecom,C00012,COA000630,2025-06-23,44.244239807128906,Medium,02:28,04:26,118,0,0.0,3.0,FEASIBLE,"Selected by the global CP-SAT optimizer based on maintenance priority, train conflicts, conflict duration, goods-train activity and block constraints."
BR005616,SMMS001210,AST007349,Signal & Telecom,C00080,COA000521,2025-06-01,29.377161026000977,Low,17:50,18:52,62,0,0.0,7.0,FEASIBLE,"Selected by the global CP-SAT optimizer based on maintenance priority, train conflicts, conflict duration, goods-train activity and block constraints."
BR005628,SMMS001224,AST005981,Signal & Telecom,C00099,COA000707,2025-06-28,35.883113861083984,Low,08:50,10:38,108,0,0.0,2.0,FEASIBLE,"Selected by the global CP-SAT optimizer based on maintenance priority, train conflicts, conflict duration, goods-train activity and block constraints."
BR005635,SMMS001234,AST007916,Signal & Telecom,C00018,COA000040,2025-06-22,34.37557601928711,Low,05:19,07:20,121,0,0.0,1.0,FEASIBLE,"Selected by the global CP-SAT optimizer based on maintenance priority, train conflicts, conflict duration, goods-train activity and block constraints."
BR005646,SMMS001251,AST006933,Signal & Telecom,C00031,COA000015,2025-06-09,57.6995849609375,Medium,18:04,19:47,103,0,0.0,0.0,FEASIBLE,"Selected by the global CP-SAT optimizer based on maintenance priority, train conflicts, conflict duration, goods-train activity and block constraints."
BR005673,SMMS001286,AST007781,Signal & Telecom,C00010,COA000680,2025-06-04,55.847782135009766,Medium,01:24,03:27,123,0,0.0,8.0,FEASIBLE,"Selected by the global CP-SAT optimizer based on maintenance priority, train conflicts, conflict duration, goods-train activity and block constraints."
BR005676,SMMS001292,AST008165,Signal & Telecom,C00080,COA000157,2025-06-30,67.5630874633789,High,18:39,19:29,50,0,0.0,1.0,FEASIBLE,"Selected by the global CP-SAT optimizer based on maintenance priority, train conflicts, conflict duration, goods-train activity and block constraints."
BR005683,SMMS001302,AST006638,Signal & Telecom,C00073,COA001281,2025-06-01,83.59265899658203,Critical,15:01,16:57,116,0,0.0,8.0,FEASIBLE,"Selected by the global CP-SAT optimizer based on maintenance priority, train conflicts, conflict duration, goods-train activity and block constraints."
BR005705,SMMS001332,AST008114,Signal & Telecom,C00007,COA000553,2025-06-10,55.557518005371094,Medium,00:02,01:12,70,1,1.0,5.0,FEASIBLE,"Selected by the global CP-SAT optimizer based on maintenance priority, train conflicts, conflict duration, goods-train activity and block constraints."
BR005718,SMMS001351,AST007882,Signal & Telecom,C00067,COA001219,2025-06-05,61.75059509277344,High,16:59,18:26,87,0,0.0,0.0,FEASIBLE,"Selected by the global CP-SAT optimizer based on maintenance priority, train conflicts, conflict duration, goods-train activity and block constraints."
BR005750,SMMS001389,AST006770,Signal & Telecom,C00055,COA001209,2025-06-11,75.39412689208984,High,16:34,19:12,158,0,0.0,0.0,FEASIBLE,"Selected by the global CP-SAT optimizer based on maintenance priority, train conflicts, conflict duration, goods-train activity and block constraints."
BR005794,SMMS001445,AST008406,Signal & Telecom,C00091,COA000294,2025-06-16,52.36604690551758,Medium,00:05,01:38,93,0,0.0,0.0,FEASIBLE,"Selected by the global CP-SAT optimizer based on maintenance priority, train conflicts, conflict duration, goods-train activity and block constraints."
BR005815,SMMS001472,AST005979,Signal & Telecom,C00006,COA000922,2025-06-11,53.902748107910156,Medium,09:30,11:44,134,0,0.0,2.0,FEASIBLE,"Selected by the global CP-SAT optimizer based on maintenance priority, train conflicts, conflict duration, goods-train activity and block constraints."
BR005822,SMMS001479,AST006646,Signal & Telecom,C00030,COA000599,2025-06-07,33.009239196777344,Low,11:41,13:41,120,0,0.0,0.0,FEASIBLE,"Selected by the global CP-SAT optimizer based on maintenance priority, train conflicts, conflict duration, goods-train activity and block constraints."
BR005852,SMMS001517,AST005807,Signal & Telecom,C00009,COA000753,2025-06-09,49.760868072509766,Medium,15:09,16:04,55,0,0.0,5.0,FEASIBLE,"Selected by the global CP-SAT optimizer based on maintenance priority, train conflicts, conflict duration, goods-train activity and block constraints."
BR005855,SMMS001521,AST006398,Signal & Telecom,C00015,COA000913,2025-06-02,81.30418395996094,Critical,19:21,21:05,104,0,0.0,3.0,FEASIBLE,"Selected by the global CP-SAT optimizer based on maintenance priority, train conflicts, conflict duration, goods-train activity and block constraints."
BR005881,SMMS001550,AST008304,Signal & Telecom,C00020,COA000052,2025-06-25,60.32487106323242,High,14:18,15:04,46,0,0.0,0.0,FEASIBLE,"Selected by the global CP-SAT optimizer based on maintenance priority, train conflicts, conflict duration, goods-train activity and block constraints."
BR005947,SMMS001638,AST006738,Signal & Telecom,C00009,COA000394,2025-06-28,35.9761848449707,Low,12:52,14:11,79,0,0.0,2.0,FEASIBLE,"Selected by the global CP-SAT optimizer based on maintenance priority, train conflicts, conflict duration, goods-train activity and block constraints."
BR005952,SMMS001647,AST008149,Signal & Telecom,C00087,COA000234,2025-06-29,54.1649284362793,Medium,02:59,04:16,77,1,1.0,0.0,FEASIBLE,"Selected by the global CP-SAT optimizer based on maintenance priority, train conflicts, conflict duration, goods-train activity and block constraints."
BR005960,SMMS001656,AST006304,Signal & Telecom,C00042,COA000205,2025-06-18,25.038528442382812,Low,17:56,19:19,83,0,0.0,3.0,FEASIBLE,"Selected by the global CP-SAT optimizer based on maintenance priority, train conflicts, conflict duration, goods-train activity and block constraints."
BR005977,SMMS001676,AST007562,Signal & Telecom,C00035,COA000698,2025-06-19,30.169498443603516,Low,19:20,22:03,163,0,0.0,0.0,FEASIBLE,"Selected by the global CP-SAT optimizer based on maintenance priority, train conflicts, conflict duration, goods-train activity and block constraints."
BR005979,SMMS001678,AST008265,Signal & Telecom,C00004,COA001174,2025-06-16,28.437156677246094,Low,06:05,08:17,132,0,0.0,3.0,FEASIBLE,"Selected by the global CP-SAT optimizer based on maintenance priority, train conflicts, conflict duration, goods-train activity and block constraints."
